unit_candidate_id	source_id	source_row	release_title	product_title	release_url	artist_name	candidate_title	review_class	review_detail	existing_recording_id	existing_song_id	matched_performer_id	matched_group_id	resolved_release_id	source_tracklist_status	source_extract_method	candidate_title_clean	extracted_artist_name	split_status	recovered_match_type	recovered_performer_id	recovered_group_id	recovered_entity_name	recovery_status
UNIT0113-01-001	SRC0002	1	USB - Colección Música Colombiana	USB - Colección Música Colombiana	https://tiendadiscosfuentes.com/productos/musica-memoria-usb/colecciones-usb/usb-coleccion-100-canciones-musica-colombiana/	Varios Intérpretes	Yo Tambien TuveVeinteAños	performer_conflict	performer_or_group_not_resolved_to_authority;release_not_resolved_to_authority;short_description_only_source						complete_or_exceeds_track_count	short_description	Yo Tambien TuveVeinteAños		no_split	none				not_recovered
UNIT0113-04-001	SRC0002	4	USB - Colección 100 Exitos de Música Cubana	USB - Colección 100 Exitos de Música Cubana	https://tiendadiscosfuentes.com/productos/musica-memoria-usb/colecciones-usb/usb-coleccion-100-exitos-de-musica-cubana/	Varios Artistas	El Carretero – Guillermo Portabales	performer_conflict	partial_or_estimated_source_tracklist;performer_or_group_not_resolved_to_authority					REL000012	partial_10_of_15	description_tab	El Carretero	Guillermo Portabales	split	none				split_only
UNIT0113-04-002	SRC0002	4	USB - Colección 100 Exitos de Música Cubana	USB - Colección 100 Exitos de Música Cubana	https://tiendadiscosfuentes.com/productos/musica-memoria-usb/colecciones-usb/usb-coleccion-100-exitos-de-musica-cubana/	Varios Artistas	Malao de Caña – La Sonora Matancera	performer_conflict	partial_or_estimated_source_tracklist;performer_or_group_not_resolved_to_authority					REL000012	partial_10_of_15	description_tab	Malao de Caña	La Sonora Matancera	split	none				split_only
UNIT0113-04-003	SRC0002	4	USB - Colección 100 Exitos de Música Cubana	USB - Colección 100 Exitos de Música Cubana	https://tiendadiscosfuentes.com/productos/musica-memoria-usb/colecciones-usb/usb-coleccion-100-exitos-de-musica-cubana/	Varios Artistas	El Que Siembra Su Maíz – Orquesta de Bebo Valdés	performer_conflict	partial_or_estimated_source_tracklist;performer_or_group_not_resolved_to_authority					REL000012	partial_10_of_15	description_tab	El Que Siembra Su Maíz	Orquesta de Bebo Valdés	split	group		GRP0269	Orquesta de Bebo Valdés	recovered_entity
UNIT0113-04-004	SRC0002	4	USB - Colección 100 Exitos de Música Cubana	USB - Colección 100 Exitos de Música Cubana	https://tiendadiscosfuentes.com/productos/musica-memoria-usb/colecciones-usb/usb-coleccion-100-exitos-de-musica-cubana/	Varios Artistas	A San Lázaro (Babalú) – Celina y Reutilio	performer_conflict	partial_or_estimated_source_tracklist;performer_or_group_not_resolved_to_authority					REL000012	partial_10_of_15	description_tab	A San Lázaro (Babalú)	Celina y Reutilio	split	none				split_only
UNIT0113-04-005	SRC0002	4	USB - Colección 100 Exitos de Música Cubana	USB - Colección 100 Exitos de Música Cubana	https://tiendadiscosfuentes.com/productos/musica-memoria-usb/colecciones-usb/usb-coleccion-100-exitos-de-musica-cubana/	Varios Artistas	Lupita – Fruko y Orquesta	performer_conflict	partial_or_estimated_source_tracklist;performer_or_group_not_resolved_to_authority					REL000012	partial_10_of_15	description_tab	Lupita	Fruko y Orquesta	split	group		GRP0270	Fruko y Orquesta	recovered_entity
UNIT0113-04-006	SRC0002	4	USB - Colección 100 Exitos de Música Cubana	USB - Colección 100 Exitos de Música Cubana	https://tiendadiscosfuentes.com/productos/musica-memoria-usb/colecciones-usb/usb-coleccion-100-exitos-de-musica-cubana/	Varios Artistas	Yo Tengo Pena – Los Compadres	performer_conflict	partial_or_estimated_source_tracklist;performer_or_group_not_resolved_to_authority					REL000012	partial_10_of_15	description_tab	Yo Tengo Pena	Los Compadres	split	group		GRP0271	Los Compadres	recovered_entity
UNIT0113-04-007	SRC0002	4	USB - Colección 100 Exitos de Música Cubana	USB - Colección 100 Exitos de Música Cubana	https://tiendadiscosfuentes.com/productos/musica-memoria-usb/colecciones-usb/usb-coleccion-100-exitos-de-musica-cubana/	Varios Artistas	Mira Que Eres LInda – Roberto Ledesma	performer_conflict	partial_or_estimated_source_tracklist;performer_or_group_not_resolved_to_authority					REL000012	partial_10_of_15	description_tab	Mira Que Eres LInda	Roberto Ledesma	split	none				split_only
UNIT0113-04-008	SRC0002	4	USB - Colección 100 Exitos de Música Cubana	USB - Colección 100 Exitos de Música Cubana	https://tiendadiscosfuentes.com/productos/musica-memoria-usb/colecciones-usb/usb-coleccion-100-exitos-de-musica-cubana/	Varios Artistas	Alegre Petición – Trío Matamoros	performer_conflict	partial_or_estimated_source_tracklist;performer_or_group_not_resolved_to_authority					REL000012	partial_10_of_15	description_tab	Alegre Petición	Trío Matamoros	split	group		GRP0004	Trío Matamoros	recovered_entity
UNIT0113-04-009	SRC0002	4	USB - Colección 100 Exitos de Música Cubana	USB - Colección 100 Exitos de Música Cubana	https://tiendadiscosfuentes.com/productos/musica-memoria-usb/colecciones-usb/usb-coleccion-100-exitos-de-musica-cubana/	Varios Artistas	Nuevamente – Orlando Contreras	performer_conflict	partial_or_estimated_source_tracklist;performer_or_group_not_resolved_to_authority					REL000012	partial_10_of_15	description_tab	Nuevamente	Orlando Contreras	split	none				split_only
UNIT0113-04-010	SRC0002	4	USB - Colección 100 Exitos de Música Cubana	USB - Colección 100 Exitos de Música Cubana	https://tiendadiscosfuentes.com/productos/musica-memoria-usb/colecciones-usb/usb-coleccion-100-exitos-de-musica-cubana/	Varios Artistas	Adiós Compay Gato – Los Guaracheros de Oriente	performer_conflict	partial_or_estimated_source_tracklist;performer_or_group_not_resolved_to_authority					REL000012	partial_10_of_15	description_tab	Adiós Compay Gato	Los Guaracheros de Oriente	split	group		GRP0272	Los Guaracheros de Oriente	recovered_entity
UNIT0113-05-003	SRC0002	5	USB - Que Viva Diciembre	USB - Que Viva Diciembre	https://tiendadiscosfuentes.com/productos/musica-memoria-usb/colecciones-usb/usb-que-viva-diciembre/	Varios Artistas	03 Amor Serrano Demo	performer_conflict	performer_or_group_not_resolved_to_authority;release_not_resolved_to_authority;short_description_only_source						complete_or_exceeds_track_count	short_description	03 Amor Serrano Demo		no_split	none				not_recovered
UNIT0113-08-001	SRC0002	8	USB - Colección 100 Exitos | Cuatro Grandes de la Música Tropical	USB - Colección 100 Exitos | Cuatro Grandes de la Música Tropical	https://tiendadiscosfuentes.com/productos/musica-memoria-usb/colecciones-usb/usb-coleccion-100-exitos-cuatro-grandes-de-la-musica-tropical/	Varios Artistas	Festival en Guararé – Los Corraleros de Majagual	performer_conflict	partial_or_estimated_source_tracklist;performer_or_group_not_resolved_to_authority					REL000008	partial_10_of_15	description_tab	Festival en Guararé	Los Corraleros de Majagual	split	group		GRP0088	Los Corraleros De Majagual	recovered_entity
UNIT0113-08-002	SRC0002	8	USB - Colección 100 Exitos | Cuatro Grandes de la Música Tropical	USB - Colección 100 Exitos | Cuatro Grandes de la Música Tropical	https://tiendadiscosfuentes.com/productos/musica-memoria-usb/colecciones-usb/usb-coleccion-100-exitos-cuatro-grandes-de-la-musica-tropical/	Varios Artistas	Playas Marinas – Calixto Ochoa y Su Conjunto	performer_conflict	partial_or_estimated_source_tracklist;performer_or_group_not_resolved_to_authority					REL000008	partial_10_of_15	description_tab	Playas Marinas	Calixto Ochoa y Su Conjunto	split	group		GRP0265	Calixto Ochoa y Su Conjunto	recovered_entity
UNIT0113-08-003	SRC0002	8	USB - Colección 100 Exitos | Cuatro Grandes de la Música Tropical	USB - Colección 100 Exitos | Cuatro Grandes de la Música Tropical	https://tiendadiscosfuentes.com/productos/musica-memoria-usb/colecciones-usb/usb-coleccion-100-exitos-cuatro-grandes-de-la-musica-tropical/	Varios Artistas	Te Llevaré – Lisandro Meza y Su Conjunto	performer_conflict	partial_or_estimated_source_tracklist;performer_or_group_not_resolved_to_authority					REL000008	partial_10_of_15	description_tab	Te Llevaré	Lisandro Meza y Su Conjunto	split	group		GRP0266	Lisandro Meza y Su Conjunto	recovered_entity
UNIT0113-08-004	SRC0002	8	USB - Colección 100 Exitos | Cuatro Grandes de la Música Tropical	USB - Colección 100 Exitos | Cuatro Grandes de la Música Tropical	https://tiendadiscosfuentes.com/productos/musica-memoria-usb/colecciones-usb/usb-coleccion-100-exitos-cuatro-grandes-de-la-musica-tropical/	Varios Artistas	Celos de Amor – Armando Hernández con el Combo Caribe	performer_conflict	partial_or_estimated_source_tracklist;performer_or_group_not_resolved_to_authority					REL000008	partial_10_of_15	description_tab	Celos de Amor	Armando Hernández con el Combo Caribe	split	group		GRP0267	Armando Hernández con el Combo Caribe	recovered_entity
UNIT0113-08-005	SRC0002	8	USB - Colección 100 Exitos | Cuatro Grandes de la Música Tropical	USB - Colección 100 Exitos | Cuatro Grandes de la Música Tropical	https://tiendadiscosfuentes.com/productos/musica-memoria-usb/colecciones-usb/usb-coleccion-100-exitos-cuatro-grandes-de-la-musica-tropical/	Varios Artistas	Esta Noche es Mía – Alfredo Gutiérrez y Su Conjunto	performer_conflict	partial_or_estimated_source_tracklist;performer_or_group_not_resolved_to_authority					REL000008	partial_10_of_15	description_tab	Esta Noche es Mía	Alfredo Gutiérrez y Su Conjunto	split	group		GRP0268	Alfredo Gutiérrez y Su Conjunto	recovered_entity
UNIT0113-08-006	SRC0002	8	USB - Colección 100 Exitos | Cuatro Grandes de la Música Tropical	USB - Colección 100 Exitos | Cuatro Grandes de la Música Tropical	https://tiendadiscosfuentes.com/productos/musica-memoria-usb/colecciones-usb/usb-coleccion-100-exitos-cuatro-grandes-de-la-musica-tropical/	Varios Artistas	Mata E Caña – Calixto Ochoa y Su Conjunto	performer_conflict	partial_or_estimated_source_tracklist;performer_or_group_not_resolved_to_authority					REL000008	partial_10_of_15	description_tab	Mata E Caña	Calixto Ochoa y Su Conjunto	split	group		GRP0265	Calixto Ochoa y Su Conjunto	recovered_entity
UNIT0113-08-007	SRC0002	8	USB - Colección 100 Exitos | Cuatro Grandes de la Música Tropical	USB - Colección 100 Exitos | Cuatro Grandes de la Música Tropical	https://tiendadiscosfuentes.com/productos/musica-memoria-usb/colecciones-usb/usb-coleccion-100-exitos-cuatro-grandes-de-la-musica-tropical/	Varios Artistas	Entre Rejas – Lisandro Meza y Su Conjunto	performer_conflict	partial_or_estimated_source_tracklist;performer_or_group_not_resolved_to_authority					REL000008	partial_10_of_15	description_tab	Entre Rejas	Lisandro Meza y Su Conjunto	split	group		GRP0266	Lisandro Meza y Su Conjunto	recovered_entity
UNIT0113-08-008	SRC0002	8	USB - Colección 100 Exitos | Cuatro Grandes de la Música Tropical	USB - Colección 100 Exitos | Cuatro Grandes de la Música Tropical	https://tiendadiscosfuentes.com/productos/musica-memoria-usb/colecciones-usb/usb-coleccion-100-exitos-cuatro-grandes-de-la-musica-tropical/	Varios Artistas	La Zenaida – Armando Hernández con el Combo Caribe	performer_conflict	partial_or_estimated_source_tracklist;performer_or_group_not_resolved_to_authority					REL000008	partial_10_of_15	description_tab	La Zenaida	Armando Hernández con el Combo Caribe	split	group		GRP0267	Armando Hernández con el Combo Caribe	recovered_entity
UNIT0113-08-009	SRC0002	8	USB - Colección 100 Exitos | Cuatro Grandes de la Música Tropical	USB - Colección 100 Exitos | Cuatro Grandes de la Música Tropical	https://tiendadiscosfuentes.com/productos/musica-memoria-usb/colecciones-usb/usb-coleccion-100-exitos-cuatro-grandes-de-la-musica-tropical/	Varios Artistas	Dos Mujeres – Alfredo Gutiérrez y Su Conjunto	performer_conflict	partial_or_estimated_source_tracklist;performer_or_group_not_resolved_to_authority					REL000008	partial_10_of_15	description_tab	Dos Mujeres	Alfredo Gutiérrez y Su Conjunto	split	group		GRP0268	Alfredo Gutiérrez y Su Conjunto	recovered_entity
UNIT0113-08-010	SRC0002	8	USB - Colección 100 Exitos | Cuatro Grandes de la Música Tropical	USB - Colección 100 Exitos | Cuatro Grandes de la Música Tropical	https://tiendadiscosfuentes.com/productos/musica-memoria-usb/colecciones-usb/usb-coleccion-100-exitos-cuatro-grandes-de-la-musica-tropical/	Varios Artistas	Los Sabanales – Los Corraleros de Majagual	performer_conflict	partial_or_estimated_source_tracklist;performer_or_group_not_resolved_to_authority					REL000008	partial_10_of_15	description_tab	Los Sabanales	Los Corraleros de Majagual	split	group		GRP0088	Los Corraleros De Majagual	recovered_entity
UNIT0113-09-001	SRC0002	9	USB - Colección 100 Cumbias, Porros y Gaitas del Siglo	USB - Colección 100 Cumbias, Porros y Gaitas del Siglo	https://tiendadiscosfuentes.com/productos/musica-memoria-usb/colecciones-usb/usb-coleccion-100-cumbias-porros-y-gaitas-del-siglo/	Varios Artistas	La Sombra de Tu Sonrisa - Pacho Galán y Su Orquesta	performer_conflict	partial_or_estimated_source_tracklist;performer_or_group_not_resolved_to_authority					REL000014	partial_10_of_15	description_tab	La Sombra de Tu Sonrisa	Pacho Galán y Su Orquesta	split	none				split_only
UNIT0113-09-002	SRC0002	9	USB - Colección 100 Cumbias, Porros y Gaitas del Siglo	USB - Colección 100 Cumbias, Porros y Gaitas del Siglo	https://tiendadiscosfuentes.com/productos/musica-memoria-usb/colecciones-usb/usb-coleccion-100-cumbias-porros-y-gaitas-del-siglo/	Varios Artistas	Santo Domingo - Los Cumbiamberos de Pacheco	performer_conflict	partial_or_estimated_source_tracklist;performer_or_group_not_resolved_to_authority					REL000014	partial_10_of_15	description_tab	Santo Domingo	Los Cumbiamberos de Pacheco	split	group		GRP0273	Los Cumbiamberos de Pacheco	recovered_entity
UNIT0113-09-003	SRC0002	9	USB - Colección 100 Cumbias, Porros y Gaitas del Siglo	USB - Colección 100 Cumbias, Porros y Gaitas del Siglo	https://tiendadiscosfuentes.com/productos/musica-memoria-usb/colecciones-usb/usb-coleccion-100-cumbias-porros-y-gaitas-del-siglo/	Varios Artistas	El Toro Miura - Los Corraleros de Majagual	performer_conflict	partial_or_estimated_source_tracklist;performer_or_group_not_resolved_to_authority					REL000014	partial_10_of_15	description_tab	El Toro Miura	Los Corraleros de Majagual	split	group		GRP0088	Los Corraleros De Majagual	recovered_entity
UNIT0113-09-004	SRC0002	9	USB - Colección 100 Cumbias, Porros y Gaitas del Siglo	USB - Colección 100 Cumbias, Porros y Gaitas del Siglo	https://tiendadiscosfuentes.com/productos/musica-memoria-usb/colecciones-usb/usb-coleccion-100-cumbias-porros-y-gaitas-del-siglo/	Varios Artistas	Cumbia en Do Menor - Lito Barrientos y Su Orquesta	performer_conflict	partial_or_estimated_source_tracklist;performer_or_group_not_resolved_to_authority					REL000014	partial_10_of_15	description_tab	Cumbia en Do Menor	Lito Barrientos y Su Orquesta	split	none				split_only
UNIT0113-09-005	SRC0002	9	USB - Colección 100 Cumbias, Porros y Gaitas del Siglo	USB - Colección 100 Cumbias, Porros y Gaitas del Siglo	https://tiendadiscosfuentes.com/productos/musica-memoria-usb/colecciones-usb/usb-coleccion-100-cumbias-porros-y-gaitas-del-siglo/	Varios Artistas	El Tirabuzón - Clímaco Sarmiento y Su Orquesta	performer_conflict	partial_or_estimated_source_tracklist;performer_or_group_not_resolved_to_authority					REL000014	partial_10_of_15	description_tab	El Tirabuzón	Clímaco Sarmiento y Su Orquesta	split	none				split_only
UNIT0113-09-006	SRC0002	9	USB - Colección 100 Cumbias, Porros y Gaitas del Siglo	USB - Colección 100 Cumbias, Porros y Gaitas del Siglo	https://tiendadiscosfuentes.com/productos/musica-memoria-usb/colecciones-usb/usb-coleccion-100-cumbias-porros-y-gaitas-del-siglo/	Varios Artistas	La Morena Encarnación - Los Corraleros de Majagual	performer_conflict	partial_or_estimated_source_tracklist;performer_or_group_not_resolved_to_authority					REL000014	partial_10_of_15	description_tab	La Morena Encarnación	Los Corraleros de Majagual	split	group		GRP0088	Los Corraleros De Majagual	recovered_entity
UNIT0113-09-007	SRC0002	9	USB - Colección 100 Cumbias, Porros y Gaitas del Siglo	USB - Colección 100 Cumbias, Porros y Gaitas del Siglo	https://tiendadiscosfuentes.com/productos/musica-memoria-usb/colecciones-usb/usb-coleccion-100-cumbias-porros-y-gaitas-del-siglo/	Varios Artistas	La Ñeca - Pedro Laza y Sus Pelayeros	performer_conflict	partial_or_estimated_source_tracklist;performer_or_group_not_resolved_to_authority					REL000014	partial_10_of_15	description_tab	La Ñeca	Pedro Laza y Sus Pelayeros	split	none				split_only
UNIT0113-09-008	SRC0002	9	USB - Colección 100 Cumbias, Porros y Gaitas del Siglo	USB - Colección 100 Cumbias, Porros y Gaitas del Siglo	https://tiendadiscosfuentes.com/productos/musica-memoria-usb/colecciones-usb/usb-coleccion-100-cumbias-porros-y-gaitas-del-siglo/	Varios Artistas	Cumbia Cienaguera - Conjunto Típico Vallenato	performer_conflict	partial_or_estimated_source_tracklist;performer_or_group_not_resolved_to_authority					REL000014	partial_10_of_15	description_tab	Cumbia Cienaguera	Conjunto Típico Vallenato	split	group		GRP0274	Conjunto Típico Vallenato	recovered_entity
UNIT0113-09-009	SRC0002	9	USB - Colección 100 Cumbias, Porros y Gaitas del Siglo	USB - Colección 100 Cumbias, Porros y Gaitas del Siglo	https://tiendadiscosfuentes.com/productos/musica-memoria-usb/colecciones-usb/usb-coleccion-100-cumbias-porros-y-gaitas-del-siglo/	Varios Artistas	En la Madrugá - Pacho Galán y Su Orquesta	performer_conflict	partial_or_estimated_source_tracklist;performer_or_group_not_resolved_to_authority					REL000014	partial_10_of_15	description_tab	En la Madrugá	Pacho Galán y Su Orquesta	split	none				split_only
UNIT0113-09-010	SRC0002	9	USB - Colección 100 Cumbias, Porros y Gaitas del Siglo	USB - Colección 100 Cumbias, Porros y Gaitas del Siglo	https://tiendadiscosfuentes.com/productos/musica-memoria-usb/colecciones-usb/usb-coleccion-100-cumbias-porros-y-gaitas-del-siglo/	Varios Artistas	Cumbia Sampuesana - Conjunto Típico Vallenato	performer_conflict	partial_or_estimated_source_tracklist;performer_or_group_not_resolved_to_authority					REL000014	partial_10_of_15	description_tab	Cumbia Sampuesana	Conjunto Típico Vallenato	split	group		GRP0274	Conjunto Típico Vallenato	recovered_entity
UNIT0113-11-001	SRC0002	11	USB - Colección 100 Parranderas del Siglo	USB - Colección 100 Parranderas del Siglo	https://tiendadiscosfuentes.com/productos/musica-memoria-usb/colecciones-usb/coleccion-100-parranderas-del-siglo/	Varios Artistas	Echele Agua a la Sopa - Los Alegres Parranderos	performer_conflict	partial_or_estimated_source_tracklist;performer_or_group_not_resolved_to_authority					REL000016	partial_10_of_15	description_tab	Echele Agua a la Sopa	Los Alegres Parranderos	split	group		GRP0275	Los Alegres Parranderos	recovered_entity
UNIT0113-11-002	SRC0002	11	USB - Colección 100 Parranderas del Siglo	USB - Colección 100 Parranderas del Siglo	https://tiendadiscosfuentes.com/productos/musica-memoria-usb/colecciones-usb/coleccion-100-parranderas-del-siglo/	Varios Artistas	El Enredo - Joaquín Bedoya y Su Conjunto	performer_conflict	partial_or_estimated_source_tracklist;performer_or_group_not_resolved_to_authority					REL000016	partial_10_of_15	description_tab	El Enredo	Joaquín Bedoya y Su Conjunto	split	none				split_only
UNIT0113-11-003	SRC0002	11	USB - Colección 100 Parranderas del Siglo	USB - Colección 100 Parranderas del Siglo	https://tiendadiscosfuentes.com/productos/musica-memoria-usb/colecciones-usb/coleccion-100-parranderas-del-siglo/	Varios Artistas	El Duende Alegre - Los Alegres Parranderos	performer_conflict	partial_or_estimated_source_tracklist;performer_or_group_not_resolved_to_authority					REL000016	partial_10_of_15	description_tab	El Duende Alegre	Los Alegres Parranderos	split	group		GRP0275	Los Alegres Parranderos	recovered_entity
UNIT0113-11-004	SRC0002	11	USB - Colección 100 Parranderas del Siglo	USB - Colección 100 Parranderas del Siglo	https://tiendadiscosfuentes.com/productos/musica-memoria-usb/colecciones-usb/coleccion-100-parranderas-del-siglo/	Varios Artistas	La Encomienda - Agustín Bedoya y Su Conjunto	performer_conflict	partial_or_estimated_source_tracklist;performer_or_group_not_resolved_to_authority					REL000016	partial_10_of_15	description_tab	La Encomienda	Agustín Bedoya y Su Conjunto	split	none				split_only
UNIT0113-11-005	SRC0002	11	USB - Colección 100 Parranderas del Siglo	USB - Colección 100 Parranderas del Siglo	https://tiendadiscosfuentes.com/productos/musica-memoria-usb/colecciones-usb/coleccion-100-parranderas-del-siglo/	Varios Artistas	La Dulce Toma - Los Alegres Parranderos	performer_conflict	partial_or_estimated_source_tracklist;performer_or_group_not_resolved_to_authority					REL000016	partial_10_of_15	description_tab	La Dulce Toma	Los Alegres Parranderos	split	group		GRP0275	Los Alegres Parranderos	recovered_entity
UNIT0113-11-006	SRC0002	11	USB - Colección 100 Parranderas del Siglo	USB - Colección 100 Parranderas del Siglo	https://tiendadiscosfuentes.com/productos/musica-memoria-usb/colecciones-usb/coleccion-100-parranderas-del-siglo/	Varios Artistas	La Boquitrompona - El Manicomio de Vargasvil	performer_conflict	partial_or_estimated_source_tracklist;performer_or_group_not_resolved_to_authority					REL000016	partial_10_of_15	description_tab	La Boquitrompona	El Manicomio de Vargasvil	split	group		GRP0276	El Manicomio de Vargasvil	recovered_entity
UNIT0113-11-007	SRC0002	11	USB - Colección 100 Parranderas del Siglo	USB - Colección 100 Parranderas del Siglo	https://tiendadiscosfuentes.com/productos/musica-memoria-usb/colecciones-usb/coleccion-100-parranderas-del-siglo/	Varios Artistas	Que lo DIga Ella - Los Alegres Parranderos	performer_conflict	partial_or_estimated_source_tracklist;performer_or_group_not_resolved_to_authority					REL000016	partial_10_of_15	description_tab	Que lo DIga Ella	Los Alegres Parranderos	split	group		GRP0275	Los Alegres Parranderos	recovered_entity
UNIT0113-11-008	SRC0002	11	USB - Colección 100 Parranderas del Siglo	USB - Colección 100 Parranderas del Siglo	https://tiendadiscosfuentes.com/productos/musica-memoria-usb/colecciones-usb/coleccion-100-parranderas-del-siglo/	Varios Artistas	Las Piponchas - Agustín Bedoya y Su Conjunto	performer_conflict	partial_or_estimated_source_tracklist;performer_or_group_not_resolved_to_authority					REL000016	partial_10_of_15	description_tab	Las Piponchas	Agustín Bedoya y Su Conjunto	split	none				split_only
UNIT0113-11-009	SRC0002	11	USB - Colección 100 Parranderas del Siglo	USB - Colección 100 Parranderas del Siglo	https://tiendadiscosfuentes.com/productos/musica-memoria-usb/colecciones-usb/coleccion-100-parranderas-del-siglo/	Varios Artistas	Ya Voy Toño - Los Alegres Parranderos	performer_conflict	partial_or_estimated_source_tracklist;performer_or_group_not_resolved_to_authority					REL000016	partial_10_of_15	description_tab	Ya Voy Toño	Los Alegres Parranderos	split	group		GRP0275	Los Alegres Parranderos	recovered_entity
UNIT0113-11-010	SRC0002	11	USB - Colección 100 Parranderas del Siglo	USB - Colección 100 Parranderas del Siglo	https://tiendadiscosfuentes.com/productos/musica-memoria-usb/colecciones-usb/coleccion-100-parranderas-del-siglo/	Varios Artistas	Mi Novia de Malas - Los Integrados	performer_conflict	partial_or_estimated_source_tracklist;performer_or_group_not_resolved_to_authority					REL000016	partial_10_of_15	description_tab	Mi Novia de Malas	Los Integrados	split	group		GRP0277	Los Integrados	recovered_entity
UNIT0113-12-001	SRC0002	12	USB - Colección 100 Exitos de Diciembre	USB - Colección 100 Exitos de Diciembre	https://tiendadiscosfuentes.com/productos/musica-memoria-usb/colecciones-usb/coleccion-100-exitos-de-diciembre-usb-8-gb/	Varios Artistas	Feliz Nochebuena / Los Hispanos	performer_conflict	partial_or_estimated_source_tracklist;performer_or_group_not_resolved_to_authority					REL000017	partial_10_of_15	description_tab	Feliz Nochebuena / Los Hispanos		no_split	none				not_recovered
UNIT0113-12-002	SRC0002	12	USB - Colección 100 Exitos de Diciembre	USB - Colección 100 Exitos de Diciembre	https://tiendadiscosfuentes.com/productos/musica-memoria-usb/colecciones-usb/coleccion-100-exitos-de-diciembre-usb-8-gb/	Varios Artistas	Bella es la Navida / Ricardo Ray - Bobby Cruz	performer_conflict	partial_or_estimated_source_tracklist;performer_or_group_not_resolved_to_authority					REL000017	partial_10_of_15	description_tab	Bella es la Navida / Ricardo Ray	Bobby Cruz	split	none				split_only
UNIT0113-12-003	SRC0002	12	USB - Colección 100 Exitos de Diciembre	USB - Colección 100 Exitos de Diciembre	https://tiendadiscosfuentes.com/productos/musica-memoria-usb/colecciones-usb/coleccion-100-exitos-de-diciembre-usb-8-gb/	Varios Artistas	En la Nochebuena / La Sonora Matancera	performer_conflict	partial_or_estimated_source_tracklist;performer_or_group_not_resolved_to_authority					REL000017	partial_10_of_15	description_tab	En la Nochebuena / La Sonora Matancera		no_split	none				not_recovered
UNIT0113-12-004	SRC0002	12	USB - Colección 100 Exitos de Diciembre	USB - Colección 100 Exitos de Diciembre	https://tiendadiscosfuentes.com/productos/musica-memoria-usb/colecciones-usb/coleccion-100-exitos-de-diciembre-usb-8-gb/	Varios Artistas	Ron de Vinola / Guillermo Buitrago	performer_conflict	partial_or_estimated_source_tracklist;performer_or_group_not_resolved_to_authority					REL000017	partial_10_of_15	description_tab	Ron de Vinola / Guillermo Buitrago		no_split	none				not_recovered
UNIT0113-12-005	SRC0002	12	USB - Colección 100 Exitos de Diciembre	USB - Colección 100 Exitos de Diciembre	https://tiendadiscosfuentes.com/productos/musica-memoria-usb/colecciones-usb/coleccion-100-exitos-de-diciembre-usb-8-gb/	Varios Artistas	El Hijo Ausente / Pastor López y Su Combo	performer_conflict	partial_or_estimated_source_tracklist;performer_or_group_not_resolved_to_authority					REL000017	partial_10_of_15	description_tab	El Hijo Ausente / Pastor López y Su Combo		no_split	none				not_recovered
UNIT0113-12-006	SRC0002	12	USB - Colección 100 Exitos de Diciembre	USB - Colección 100 Exitos de Diciembre	https://tiendadiscosfuentes.com/productos/musica-memoria-usb/colecciones-usb/coleccion-100-exitos-de-diciembre-usb-8-gb/	Varios Artistas	Maldita Navidad / Gabriel Romero y Su Orquesta	performer_conflict	partial_or_estimated_source_tracklist;performer_or_group_not_resolved_to_authority					REL000017	partial_10_of_15	description_tab	Maldita Navidad / Gabriel Romero y Su Orquesta		no_split	none				not_recovered
UNIT0113-12-007	SRC0002	12	USB - Colección 100 Exitos de Diciembre	USB - Colección 100 Exitos de Diciembre	https://tiendadiscosfuentes.com/productos/musica-memoria-usb/colecciones-usb/coleccion-100-exitos-de-diciembre-usb-8-gb/	Varios Artistas	El Pesebre / Afrosound	performer_conflict	partial_or_estimated_source_tracklist;performer_or_group_not_resolved_to_authority					REL000017	partial_10_of_15	description_tab	El Pesebre / Afrosound		no_split	none				not_recovered
UNIT0113-12-008	SRC0002	12	USB - Colección 100 Exitos de Diciembre	USB - Colección 100 Exitos de Diciembre	https://tiendadiscosfuentes.com/productos/musica-memoria-usb/colecciones-usb/coleccion-100-exitos-de-diciembre-usb-8-gb/	Varios Artistas	Aires de Navidad / Los Titanes	performer_conflict	partial_or_estimated_source_tracklist;performer_or_group_not_resolved_to_authority					REL000017	partial_10_of_15	description_tab	Aires de Navidad / Los Titanes		no_split	none				not_recovered
UNIT0113-12-009	SRC0002	12	USB - Colección 100 Exitos de Diciembre	USB - Colección 100 Exitos de Diciembre	https://tiendadiscosfuentes.com/productos/musica-memoria-usb/colecciones-usb/coleccion-100-exitos-de-diciembre-usb-8-gb/	Varios Artistas	Grito Vagabundo / Guillermo Buitrago	performer_conflict	partial_or_estimated_source_tracklist;performer_or_group_not_resolved_to_authority					REL000017	partial_10_of_15	description_tab	Grito Vagabundo / Guillermo Buitrago		no_split	none				not_recovered
UNIT0113-12-010	SRC0002	12	USB - Colección 100 Exitos de Diciembre	USB - Colección 100 Exitos de Diciembre	https://tiendadiscosfuentes.com/productos/musica-memoria-usb/colecciones-usb/coleccion-100-exitos-de-diciembre-usb-8-gb/	Varios Artistas	Pascua en Navidad / Luis Felipe González	performer_conflict	partial_or_estimated_source_tracklist;performer_or_group_not_resolved_to_authority					REL000017	partial_10_of_15	description_tab	Pascua en Navidad / Luis Felipe González		no_split	none				not_recovered
UNIT0113-16-009	SRC0002	16	Íntimo - Siente el Vallenato	Íntimo - Siente el Vallenato	https://tiendadiscosfuentes.com/productos/musica-memoria-usb/intimo-siente-el-vallenato/	Varios Artistas	También puedes escucharlo en las plataformas digitales:	performer_conflict	performer_or_group_not_resolved_to_authority;release_not_resolved_to_authority						complete_or_exceeds_track_count	description_tab	También puedes escucharlo en las plataformas digitales:		no_split	none				not_recovered
UNIT0113-16-010	SRC0002	16	Íntimo - Siente el Vallenato	Íntimo - Siente el Vallenato	https://tiendadiscosfuentes.com/productos/musica-memoria-usb/intimo-siente-el-vallenato/	Varios Artistas	ÍNTIMO – Siente el Vallenato	performer_conflict	performer_or_group_not_resolved_to_authority;release_not_resolved_to_authority						complete_or_exceeds_track_count	description_tab	ÍNTIMO	Siente el Vallenato	split	none				split_only
UNIT0113-17-001	SRC0002	17	USB - Colección 100 Exitos de Rodolfo Aicardi	USB - Colección 100 Exitos de Rodolfo Aicardi	https://tiendadiscosfuentes.com/productos/musica-memoria-usb/colecciones-usb/coleccion-100-exitos-de-rodolfo-aicardi/	Rodolfo Aicardi	DISCO NUMERO 1	performer_conflict	performer_or_group_not_resolved_to_authority;release_not_resolved_to_authority						complete_or_exceeds_track_count	description_tab	DISCO NUMERO 1		no_split	none				not_recovered
UNIT0113-17-002	SRC0002	17	USB - Colección 100 Exitos de Rodolfo Aicardi	USB - Colección 100 Exitos de Rodolfo Aicardi	https://tiendadiscosfuentes.com/productos/musica-memoria-usb/colecciones-usb/coleccion-100-exitos-de-rodolfo-aicardi/	Rodolfo Aicardi	1. La Cerveza - Los Hispanos	performer_conflict	performer_or_group_not_resolved_to_authority;release_not_resolved_to_authority						complete_or_exceeds_track_count	description_tab	1. La Cerveza	Los Hispanos	split	group		GRP0278	Los Hispanos	recovered_entity
UNIT0113-17-003	SRC0002	17	USB - Colección 100 Exitos de Rodolfo Aicardi	USB - Colección 100 Exitos de Rodolfo Aicardi	https://tiendadiscosfuentes.com/productos/musica-memoria-usb/colecciones-usb/coleccion-100-exitos-de-rodolfo-aicardi/	Rodolfo Aicardi	2. Plegaria - Rodolfo Aicardi Y Su Tipica Ra7	performer_conflict	performer_or_group_not_resolved_to_authority;release_not_resolved_to_authority						complete_or_exceeds_track_count	description_tab	2. Plegaria	Rodolfo Aicardi Y Su Tipica Ra7	split	none				split_only
UNIT0113-17-004	SRC0002	17	USB - Colección 100 Exitos de Rodolfo Aicardi	USB - Colección 100 Exitos de Rodolfo Aicardi	https://tiendadiscosfuentes.com/productos/musica-memoria-usb/colecciones-usb/coleccion-100-exitos-de-rodolfo-aicardi/	Rodolfo Aicardi	3. Ocho Dias - Los Hispanos	performer_conflict	performer_or_group_not_resolved_to_authority;release_not_resolved_to_authority						complete_or_exceeds_track_count	description_tab	3. Ocho Dias	Los Hispanos	split	group		GRP0278	Los Hispanos	recovered_entity
UNIT0113-17-005	SRC0002	17	USB - Colección 100 Exitos de Rodolfo Aicardi	USB - Colección 100 Exitos de Rodolfo Aicardi	https://tiendadiscosfuentes.com/productos/musica-memoria-usb/colecciones-usb/coleccion-100-exitos-de-rodolfo-aicardi/	Rodolfo Aicardi	4. Triste Diciembre -Los Hispanos	performer_conflict	performer_or_group_not_resolved_to_authority;release_not_resolved_to_authority						complete_or_exceeds_track_count	description_tab	4. Triste Diciembre -Los Hispanos		no_split	none				not_recovered
UNIT0113-17-006	SRC0002	17	USB - Colección 100 Exitos de Rodolfo Aicardi	USB - Colección 100 Exitos de Rodolfo Aicardi	https://tiendadiscosfuentes.com/productos/musica-memoria-usb/colecciones-usb/coleccion-100-exitos-de-rodolfo-aicardi/	Rodolfo Aicardi	5. Boquita De Caramelo - Los Hispanos	performer_conflict	performer_or_group_not_resolved_to_authority;release_not_resolved_to_authority						complete_or_exceeds_track_count	description_tab	5. Boquita De Caramelo	Los Hispanos	split	group		GRP0278	Los Hispanos	recovered_entity
UNIT0113-17-007	SRC0002	17	USB - Colección 100 Exitos de Rodolfo Aicardi	USB - Colección 100 Exitos de Rodolfo Aicardi	https://tiendadiscosfuentes.com/productos/musica-memoria-usb/colecciones-usb/coleccion-100-exitos-de-rodolfo-aicardi/	Rodolfo Aicardi	6. Me Voy Pa Macondo - Los Hispanos	performer_conflict	performer_or_group_not_resolved_to_authority;release_not_resolved_to_authority						complete_or_exceeds_track_count	description_tab	6. Me Voy Pa Macondo	Los Hispanos	split	group		GRP0278	Los Hispanos	recovered_entity
UNIT0113-17-008	SRC0002	17	USB - Colección 100 Exitos de Rodolfo Aicardi	USB - Colección 100 Exitos de Rodolfo Aicardi	https://tiendadiscosfuentes.com/productos/musica-memoria-usb/colecciones-usb/coleccion-100-exitos-de-rodolfo-aicardi/	Rodolfo Aicardi	7. Tabaco Y Ron - Rodolfo Aicardi Y Su Tipica Ra7	performer_conflict	performer_or_group_not_resolved_to_authority;release_not_resolved_to_authority						complete_or_exceeds_track_count	description_tab	7. Tabaco Y Ron	Rodolfo Aicardi Y Su Tipica Ra7	split	none				split_only
UNIT0113-17-009	SRC0002	17	USB - Colección 100 Exitos de Rodolfo Aicardi	USB - Colección 100 Exitos de Rodolfo Aicardi	https://tiendadiscosfuentes.com/productos/musica-memoria-usb/colecciones-usb/coleccion-100-exitos-de-rodolfo-aicardi/	Rodolfo Aicardi	8. Asi Empezaron Papa Y Mama - Los Hispanos	performer_conflict	performer_or_group_not_resolved_to_authority;release_not_resolved_to_authority						complete_or_exceeds_track_count	description_tab	8. Asi Empezaron Papa Y Mama	Los Hispanos	split	group		GRP0278	Los Hispanos	recovered_entity
UNIT0113-17-010	SRC0002	17	USB - Colección 100 Exitos de Rodolfo Aicardi	USB - Colección 100 Exitos de Rodolfo Aicardi	https://tiendadiscosfuentes.com/productos/musica-memoria-usb/colecciones-usb/coleccion-100-exitos-de-rodolfo-aicardi/	Rodolfo Aicardi	9. La Conoci Un Domingo - Rodolfo Aicardi Con El Grupo Monteadentro	performer_conflict	performer_or_group_not_resolved_to_authority;release_not_resolved_to_authority						complete_or_exceeds_track_count	description_tab	9. La Conoci Un Domingo	Rodolfo Aicardi Con El Grupo Monteadentro	split	none				split_only
UNIT0113-17-011	SRC0002	17	USB - Colección 100 Exitos de Rodolfo Aicardi	USB - Colección 100 Exitos de Rodolfo Aicardi	https://tiendadiscosfuentes.com/productos/musica-memoria-usb/colecciones-usb/coleccion-100-exitos-de-rodolfo-aicardi/	Rodolfo Aicardi	10. El Papelito Blanco - Los Hispanos	performer_conflict	performer_or_group_not_resolved_to_authority;release_not_resolved_to_authority						complete_or_exceeds_track_count	description_tab	10. El Papelito Blanco	Los Hispanos	split	group		GRP0278	Los Hispanos	recovered_entity
UNIT0113-17-012	SRC0002	17	USB - Colección 100 Exitos de Rodolfo Aicardi	USB - Colección 100 Exitos de Rodolfo Aicardi	https://tiendadiscosfuentes.com/productos/musica-memoria-usb/colecciones-usb/coleccion-100-exitos-de-rodolfo-aicardi/	Rodolfo Aicardi	11. Olvidemos El Pasado - Los Hispanos	performer_conflict	performer_or_group_not_resolved_to_authority;release_not_resolved_to_authority						complete_or_exceeds_track_count	description_tab	11. Olvidemos El Pasado	Los Hispanos	split	group		GRP0278	Los Hispanos	recovered_entity
UNIT0113-17-013	SRC0002	17	USB - Colección 100 Exitos de Rodolfo Aicardi	USB - Colección 100 Exitos de Rodolfo Aicardi	https://tiendadiscosfuentes.com/productos/musica-memoria-usb/colecciones-usb/coleccion-100-exitos-de-rodolfo-aicardi/	Rodolfo Aicardi	12. Cariñito - Los Hispanos	performer_conflict	performer_or_group_not_resolved_to_authority;release_not_resolved_to_authority						complete_or_exceeds_track_count	description_tab	12. Cariñito	Los Hispanos	split	group		GRP0278	Los Hispanos	recovered_entity
UNIT0113-17-014	SRC0002	17	USB - Colección 100 Exitos de Rodolfo Aicardi	USB - Colección 100 Exitos de Rodolfo Aicardi	https://tiendadiscosfuentes.com/productos/musica-memoria-usb/colecciones-usb/coleccion-100-exitos-de-rodolfo-aicardi/	Rodolfo Aicardi	13. Fiesta En Mi Pueblo - Los Hispanos	performer_conflict	performer_or_group_not_resolved_to_authority;release_not_resolved_to_authority						complete_or_exceeds_track_count	description_tab	13. Fiesta En Mi Pueblo	Los Hispanos	split	group		GRP0278	Los Hispanos	recovered_entity
UNIT0113-17-015	SRC0002	17	USB - Colección 100 Exitos de Rodolfo Aicardi	USB - Colección 100 Exitos de Rodolfo Aicardi	https://tiendadiscosfuentes.com/productos/musica-memoria-usb/colecciones-usb/coleccion-100-exitos-de-rodolfo-aicardi/	Rodolfo Aicardi	14. Ojitos Hechiceros - Rodolfo Aicardi Y Su Tipica Ra7	performer_conflict	performer_or_group_not_resolved_to_authority;release_not_resolved_to_authority						complete_or_exceeds_track_count	description_tab	14. Ojitos Hechiceros	Rodolfo Aicardi Y Su Tipica Ra7	split	none				split_only
UNIT0113-17-016	SRC0002	17	USB - Colección 100 Exitos de Rodolfo Aicardi	USB - Colección 100 Exitos de Rodolfo Aicardi	https://tiendadiscosfuentes.com/productos/musica-memoria-usb/colecciones-usb/coleccion-100-exitos-de-rodolfo-aicardi/	Rodolfo Aicardi	15. Quiero Que Me Des Tu Amor - Los Hispanos	performer_conflict	performer_or_group_not_resolved_to_authority;release_not_resolved_to_authority						complete_or_exceeds_track_count	description_tab	15. Quiero Que Me Des Tu Amor	Los Hispanos	split	group		GRP0278	Los Hispanos	recovered_entity
UNIT0113-17-017	SRC0002	17	USB - Colección 100 Exitos de Rodolfo Aicardi	USB - Colección 100 Exitos de Rodolfo Aicardi	https://tiendadiscosfuentes.com/productos/musica-memoria-usb/colecciones-usb/coleccion-100-exitos-de-rodolfo-aicardi/	Rodolfo Aicardi	16. Los Cien Años De Macondo - Los Hispanos	performer_conflict	performer_or_group_not_resolved_to_authority;release_not_resolved_to_authority						complete_or_exceeds_track_count	description_tab	16. Los Cien Años De Macondo	Los Hispanos	split	group		GRP0278	Los Hispanos	recovered_entity
UNIT0113-17-018	SRC0002	17	USB - Colección 100 Exitos de Rodolfo Aicardi	USB - Colección 100 Exitos de Rodolfo Aicardi	https://tiendadiscosfuentes.com/productos/musica-memoria-usb/colecciones-usb/coleccion-100-exitos-de-rodolfo-aicardi/	Rodolfo Aicardi	17. Vagabundo Soy - Rodolfo Aicardi Y Su Tipica Ra7	performer_conflict	performer_or_group_not_resolved_to_authority;release_not_resolved_to_authority						complete_or_exceeds_track_count	description_tab	17. Vagabundo Soy	Rodolfo Aicardi Y Su Tipica Ra7	split	none				split_only
UNIT0113-17-019	SRC0002	17	USB - Colección 100 Exitos de Rodolfo Aicardi	USB - Colección 100 Exitos de Rodolfo Aicardi	https://tiendadiscosfuentes.com/productos/musica-memoria-usb/colecciones-usb/coleccion-100-exitos-de-rodolfo-aicardi/	Rodolfo Aicardi	18. La Colegiala - Rodolfo Aicardi Y Su Tipica Ra7	performer_conflict	performer_or_group_not_resolved_to_authority;release_not_resolved_to_authority						complete_or_exceeds_track_count	description_tab	18. La Colegiala	Rodolfo Aicardi Y Su Tipica Ra7	split	none				split_only
UNIT0113-17-020	SRC0002	17	USB - Colección 100 Exitos de Rodolfo Aicardi	USB - Colección 100 Exitos de Rodolfo Aicardi	https://tiendadiscosfuentes.com/productos/musica-memoria-usb/colecciones-usb/coleccion-100-exitos-de-rodolfo-aicardi/	Rodolfo Aicardi	19. Por Favor Olvidame - Rodolfo Aicardi Y Su Tipica Ra7	performer_conflict	performer_or_group_not_resolved_to_authority;release_not_resolved_to_authority						complete_or_exceeds_track_count	description_tab	19. Por Favor Olvidame	Rodolfo Aicardi Y Su Tipica Ra7	split	none				split_only
UNIT0113-17-021	SRC0002	17	USB - Colección 100 Exitos de Rodolfo Aicardi	USB - Colección 100 Exitos de Rodolfo Aicardi	https://tiendadiscosfuentes.com/productos/musica-memoria-usb/colecciones-usb/coleccion-100-exitos-de-rodolfo-aicardi/	Rodolfo Aicardi	20. Botellita De Ron - Los Hispanos	performer_conflict	performer_or_group_not_resolved_to_authority;release_not_resolved_to_authority						complete_or_exceeds_track_count	description_tab	20. Botellita De Ron	Los Hispanos	split	group		GRP0278	Los Hispanos	recovered_entity
UNIT0113-17-022	SRC0002	17	USB - Colección 100 Exitos de Rodolfo Aicardi	USB - Colección 100 Exitos de Rodolfo Aicardi	https://tiendadiscosfuentes.com/productos/musica-memoria-usb/colecciones-usb/coleccion-100-exitos-de-rodolfo-aicardi/	Rodolfo Aicardi	DISCO NUMERO 2	performer_conflict	performer_or_group_not_resolved_to_authority;release_not_resolved_to_authority						complete_or_exceeds_track_count	description_tab	DISCO NUMERO 2		no_split	none				not_recovered
UNIT0113-17-023	SRC0002	17	USB - Colección 100 Exitos de Rodolfo Aicardi	USB - Colección 100 Exitos de Rodolfo Aicardi	https://tiendadiscosfuentes.com/productos/musica-memoria-usb/colecciones-usb/coleccion-100-exitos-de-rodolfo-aicardi/	Rodolfo Aicardi	1. Adonay - Los Hispanos	performer_conflict	performer_or_group_not_resolved_to_authority;release_not_resolved_to_authority						complete_or_exceeds_track_count	description_tab	1. Adonay	Los Hispanos	split	group		GRP0278	Los Hispanos	recovered_entity
UNIT0113-17-024	SRC0002	17	USB - Colección 100 Exitos de Rodolfo Aicardi	USB - Colección 100 Exitos de Rodolfo Aicardi	https://tiendadiscosfuentes.com/productos/musica-memoria-usb/colecciones-usb/coleccion-100-exitos-de-rodolfo-aicardi/	Rodolfo Aicardi	2. El Preso - Los Hispanos	performer_conflict	performer_or_group_not_resolved_to_authority;release_not_resolved_to_authority						complete_or_exceeds_track_count	description_tab	2. El Preso	Los Hispanos	split	group		GRP0278	Los Hispanos	recovered_entity
UNIT0113-17-025	SRC0002	17	USB - Colección 100 Exitos de Rodolfo Aicardi	USB - Colección 100 Exitos de Rodolfo Aicardi	https://tiendadiscosfuentes.com/productos/musica-memoria-usb/colecciones-usb/coleccion-100-exitos-de-rodolfo-aicardi/	Rodolfo Aicardi	3. Daniela - Los Hispanos	performer_conflict	performer_or_group_not_resolved_to_authority;release_not_resolved_to_authority						complete_or_exceeds_track_count	description_tab	3. Daniela	Los Hispanos	split	group		GRP0278	Los Hispanos	recovered_entity
UNIT0113-17-026	SRC0002	17	USB - Colección 100 Exitos de Rodolfo Aicardi	USB - Colección 100 Exitos de Rodolfo Aicardi	https://tiendadiscosfuentes.com/productos/musica-memoria-usb/colecciones-usb/coleccion-100-exitos-de-rodolfo-aicardi/	Rodolfo Aicardi	4. Los Domingos - Los Hispanos	performer_conflict	performer_or_group_not_resolved_to_authority;release_not_resolved_to_authority						complete_or_exceeds_track_count	description_tab	4. Los Domingos	Los Hispanos	split	group		GRP0278	Los Hispanos	recovered_entity
UNIT0113-17-027	SRC0002	17	USB - Colección 100 Exitos de Rodolfo Aicardi	USB - Colección 100 Exitos de Rodolfo Aicardi	https://tiendadiscosfuentes.com/productos/musica-memoria-usb/colecciones-usb/coleccion-100-exitos-de-rodolfo-aicardi/	Rodolfo Aicardi	5. Feliz Nochebuena - Los Hispanos	performer_conflict	performer_or_group_not_resolved_to_authority;release_not_resolved_to_authority						complete_or_exceeds_track_count	description_tab	5. Feliz Nochebuena	Los Hispanos	split	group		GRP0278	Los Hispanos	recovered_entity
UNIT0113-17-028	SRC0002	17	USB - Colección 100 Exitos de Rodolfo Aicardi	USB - Colección 100 Exitos de Rodolfo Aicardi	https://tiendadiscosfuentes.com/productos/musica-memoria-usb/colecciones-usb/coleccion-100-exitos-de-rodolfo-aicardi/	Rodolfo Aicardi	6. Chan Con Chan - Los Hispanos	performer_conflict	performer_or_group_not_resolved_to_authority;release_not_resolved_to_authority						complete_or_exceeds_track_count	description_tab	6. Chan Con Chan	Los Hispanos	split	group		GRP0278	Los Hispanos	recovered_entity
UNIT0113-17-029	SRC0002	17	USB - Colección 100 Exitos de Rodolfo Aicardi	USB - Colección 100 Exitos de Rodolfo Aicardi	https://tiendadiscosfuentes.com/productos/musica-memoria-usb/colecciones-usb/coleccion-100-exitos-de-rodolfo-aicardi/	Rodolfo Aicardi	7. La Misma Vaina - Los Hispanos	performer_conflict	performer_or_group_not_resolved_to_authority;release_not_resolved_to_authority						complete_or_exceeds_track_count	description_tab	7. La Misma Vaina	Los Hispanos	split	group		GRP0278	Los Hispanos	recovered_entity
UNIT0113-17-030	SRC0002	17	USB - Colección 100 Exitos de Rodolfo Aicardi	USB - Colección 100 Exitos de Rodolfo Aicardi	https://tiendadiscosfuentes.com/productos/musica-memoria-usb/colecciones-usb/coleccion-100-exitos-de-rodolfo-aicardi/	Rodolfo Aicardi	8. Cantares De Navidad - Los Hispanos	performer_conflict	performer_or_group_not_resolved_to_authority;release_not_resolved_to_authority						complete_or_exceeds_track_count	description_tab	8. Cantares De Navidad	Los Hispanos	split	group		GRP0278	Los Hispanos	recovered_entity
UNIT0113-17-031	SRC0002	17	USB - Colección 100 Exitos de Rodolfo Aicardi	USB - Colección 100 Exitos de Rodolfo Aicardi	https://tiendadiscosfuentes.com/productos/musica-memoria-usb/colecciones-usb/coleccion-100-exitos-de-rodolfo-aicardi/	Rodolfo Aicardi	9. Muchachita Celosa - Los Hispanos	performer_conflict	performer_or_group_not_resolved_to_authority;release_not_resolved_to_authority						complete_or_exceeds_track_count	description_tab	9. Muchachita Celosa	Los Hispanos	split	group		GRP0278	Los Hispanos	recovered_entity
UNIT0113-17-032	SRC0002	17	USB - Colección 100 Exitos de Rodolfo Aicardi	USB - Colección 100 Exitos de Rodolfo Aicardi	https://tiendadiscosfuentes.com/productos/musica-memoria-usb/colecciones-usb/coleccion-100-exitos-de-rodolfo-aicardi/	Rodolfo Aicardi	10. Entre Que Si Y Que No - Los Hispanos	performer_conflict	performer_or_group_not_resolved_to_authority;release_not_resolved_to_authority						complete_or_exceeds_track_count	description_tab	10. Entre Que Si Y Que No	Los Hispanos	split	group		GRP0278	Los Hispanos	recovered_entity
UNIT0113-17-033	SRC0002	17	USB - Colección 100 Exitos de Rodolfo Aicardi	USB - Colección 100 Exitos de Rodolfo Aicardi	https://tiendadiscosfuentes.com/productos/musica-memoria-usb/colecciones-usb/coleccion-100-exitos-de-rodolfo-aicardi/	Rodolfo Aicardi	11. Agua De Cu - Los Hispanos	performer_conflict	performer_or_group_not_resolved_to_authority;release_not_resolved_to_authority						complete_or_exceeds_track_count	description_tab	11. Agua De Cu	Los Hispanos	split	group		GRP0278	Los Hispanos	recovered_entity
UNIT0113-17-034	SRC0002	17	USB - Colección 100 Exitos de Rodolfo Aicardi	USB - Colección 100 Exitos de Rodolfo Aicardi	https://tiendadiscosfuentes.com/productos/musica-memoria-usb/colecciones-usb/coleccion-100-exitos-de-rodolfo-aicardi/	Rodolfo Aicardi	12. La Cinta Blanca - Los Hispanos	performer_conflict	performer_or_group_not_resolved_to_authority;release_not_resolved_to_authority						complete_or_exceeds_track_count	description_tab	12. La Cinta Blanca	Los Hispanos	split	group		GRP0278	Los Hispanos	recovered_entity
UNIT0113-17-035	SRC0002	17	USB - Colección 100 Exitos de Rodolfo Aicardi	USB - Colección 100 Exitos de Rodolfo Aicardi	https://tiendadiscosfuentes.com/productos/musica-memoria-usb/colecciones-usb/coleccion-100-exitos-de-rodolfo-aicardi/	Rodolfo Aicardi	13. Enamorado - Los Hispanos	performer_conflict	performer_or_group_not_resolved_to_authority;release_not_resolved_to_authority						complete_or_exceeds_track_count	description_tab	13. Enamorado	Los Hispanos	split	group		GRP0278	Los Hispanos	recovered_entity
UNIT0113-17-036	SRC0002	17	USB - Colección 100 Exitos de Rodolfo Aicardi	USB - Colección 100 Exitos de Rodolfo Aicardi	https://tiendadiscosfuentes.com/productos/musica-memoria-usb/colecciones-usb/coleccion-100-exitos-de-rodolfo-aicardi/	Rodolfo Aicardi	14. Ni Cuerpo Ni Corazon - Los Hispanos	performer_conflict	performer_or_group_not_resolved_to_authority;release_not_resolved_to_authority						complete_or_exceeds_track_count	description_tab	14. Ni Cuerpo Ni Corazon	Los Hispanos	split	group		GRP0278	Los Hispanos	recovered_entity
UNIT0113-17-037	SRC0002	17	USB - Colección 100 Exitos de Rodolfo Aicardi	USB - Colección 100 Exitos de Rodolfo Aicardi	https://tiendadiscosfuentes.com/productos/musica-memoria-usb/colecciones-usb/coleccion-100-exitos-de-rodolfo-aicardi/	Rodolfo Aicardi	15. Adios Adios Corazon - Los Hispanos	performer_conflict	performer_or_group_not_resolved_to_authority;release_not_resolved_to_authority						complete_or_exceeds_track_count	description_tab	15. Adios Adios Corazon	Los Hispanos	split	group		GRP0278	Los Hispanos	recovered_entity
UNIT0113-17-038	SRC0002	17	USB - Colección 100 Exitos de Rodolfo Aicardi	USB - Colección 100 Exitos de Rodolfo Aicardi	https://tiendadiscosfuentes.com/productos/musica-memoria-usb/colecciones-usb/coleccion-100-exitos-de-rodolfo-aicardi/	Rodolfo Aicardi	16. Pelaita - Los Hispanos	performer_conflict	performer_or_group_not_resolved_to_authority;release_not_resolved_to_authority						complete_or_exceeds_track_count	description_tab	16. Pelaita	Los Hispanos	split	group		GRP0278	Los Hispanos	recovered_entity
UNIT0113-17-039	SRC0002	17	USB - Colección 100 Exitos de Rodolfo Aicardi	USB - Colección 100 Exitos de Rodolfo Aicardi	https://tiendadiscosfuentes.com/productos/musica-memoria-usb/colecciones-usb/coleccion-100-exitos-de-rodolfo-aicardi/	Rodolfo Aicardi	17. Sin Corazon En El Pecho - Los Hispanos	performer_conflict	performer_or_group_not_resolved_to_authority;release_not_resolved_to_authority						complete_or_exceeds_track_count	description_tab	17. Sin Corazon En El Pecho	Los Hispanos	split	group		GRP0278	Los Hispanos	recovered_entity
UNIT0113-17-040	SRC0002	17	USB - Colección 100 Exitos de Rodolfo Aicardi	USB - Colección 100 Exitos de Rodolfo Aicardi	https://tiendadiscosfuentes.com/productos/musica-memoria-usb/colecciones-usb/coleccion-100-exitos-de-rodolfo-aicardi/	Rodolfo Aicardi	18. Carola - La Sonora Dinamita	performer_conflict	performer_or_group_not_resolved_to_authority;release_not_resolved_to_authority						complete_or_exceeds_track_count	description_tab	18. Carola	La Sonora Dinamita	split	group		GRP0255	La Sonora Dinamita	recovered_entity
UNIT0113-17-041	SRC0002	17	USB - Colección 100 Exitos de Rodolfo Aicardi	USB - Colección 100 Exitos de Rodolfo Aicardi	https://tiendadiscosfuentes.com/productos/musica-memoria-usb/colecciones-usb/coleccion-100-exitos-de-rodolfo-aicardi/	Rodolfo Aicardi	19. La Cuñadita - Los Hispanos	performer_conflict	performer_or_group_not_resolved_to_authority;release_not_resolved_to_authority						complete_or_exceeds_track_count	description_tab	19. La Cuñadita	Los Hispanos	split	group		GRP0278	Los Hispanos	recovered_entity
UNIT0113-17-042	SRC0002	17	USB - Colección 100 Exitos de Rodolfo Aicardi	USB - Colección 100 Exitos de Rodolfo Aicardi	https://tiendadiscosfuentes.com/productos/musica-memoria-usb/colecciones-usb/coleccion-100-exitos-de-rodolfo-aicardi/	Rodolfo Aicardi	20. Cara Carita - Rodolfo Aicardi Y Su Tipica Ra7	performer_conflict	performer_or_group_not_resolved_to_authority;release_not_resolved_to_authority						complete_or_exceeds_track_count	description_tab	20. Cara Carita	Rodolfo Aicardi Y Su Tipica Ra7	split	none				split_only
UNIT0113-17-043	SRC0002	17	USB - Colección 100 Exitos de Rodolfo Aicardi	USB - Colección 100 Exitos de Rodolfo Aicardi	https://tiendadiscosfuentes.com/productos/musica-memoria-usb/colecciones-usb/coleccion-100-exitos-de-rodolfo-aicardi/	Rodolfo Aicardi	DISCO NUMERO 3	performer_conflict	performer_or_group_not_resolved_to_authority;release_not_resolved_to_authority						complete_or_exceeds_track_count	description_tab	DISCO NUMERO 3		no_split	none				not_recovered
UNIT0113-17-044	SRC0002	17	USB - Colección 100 Exitos de Rodolfo Aicardi	USB - Colección 100 Exitos de Rodolfo Aicardi	https://tiendadiscosfuentes.com/productos/musica-memoria-usb/colecciones-usb/coleccion-100-exitos-de-rodolfo-aicardi/	Rodolfo Aicardi	1. El Lunarcito - Los Hispanos	performer_conflict	performer_or_group_not_resolved_to_authority;release_not_resolved_to_authority						complete_or_exceeds_track_count	description_tab	1. El Lunarcito	Los Hispanos	split	group		GRP0278	Los Hispanos	recovered_entity
UNIT0113-17-045	SRC0002	17	USB - Colección 100 Exitos de Rodolfo Aicardi	USB - Colección 100 Exitos de Rodolfo Aicardi	https://tiendadiscosfuentes.com/productos/musica-memoria-usb/colecciones-usb/coleccion-100-exitos-de-rodolfo-aicardi/	Rodolfo Aicardi	2. Dile - Los Hispanos	performer_conflict	performer_or_group_not_resolved_to_authority;release_not_resolved_to_authority						complete_or_exceeds_track_count	description_tab	2. Dile	Los Hispanos	split	group		GRP0278	Los Hispanos	recovered_entity
UNIT0113-17-046	SRC0002	17	USB - Colección 100 Exitos de Rodolfo Aicardi	USB - Colección 100 Exitos de Rodolfo Aicardi	https://tiendadiscosfuentes.com/productos/musica-memoria-usb/colecciones-usb/coleccion-100-exitos-de-rodolfo-aicardi/	Rodolfo Aicardi	3. Yo No Fui - Los Hispanos	performer_conflict	performer_or_group_not_resolved_to_authority;release_not_resolved_to_authority						complete_or_exceeds_track_count	description_tab	3. Yo No Fui	Los Hispanos	split	group		GRP0278	Los Hispanos	recovered_entity
UNIT0113-17-047	SRC0002	17	USB - Colección 100 Exitos de Rodolfo Aicardi	USB - Colección 100 Exitos de Rodolfo Aicardi	https://tiendadiscosfuentes.com/productos/musica-memoria-usb/colecciones-usb/coleccion-100-exitos-de-rodolfo-aicardi/	Rodolfo Aicardi	4. Perdido Y Borracho - Los Hispanos	performer_conflict	performer_or_group_not_resolved_to_authority;release_not_resolved_to_authority						complete_or_exceeds_track_count	description_tab	4. Perdido Y Borracho	Los Hispanos	split	group		GRP0278	Los Hispanos	recovered_entity
UNIT0113-17-048	SRC0002	17	USB - Colección 100 Exitos de Rodolfo Aicardi	USB - Colección 100 Exitos de Rodolfo Aicardi	https://tiendadiscosfuentes.com/productos/musica-memoria-usb/colecciones-usb/coleccion-100-exitos-de-rodolfo-aicardi/	Rodolfo Aicardi	5. La Suegra - Rodolfo Aicardi	performer_conflict	performer_or_group_not_resolved_to_authority;release_not_resolved_to_authority						complete_or_exceeds_track_count	description_tab	5. La Suegra	Rodolfo Aicardi	split	none				split_only
UNIT0113-17-049	SRC0002	17	USB - Colección 100 Exitos de Rodolfo Aicardi	USB - Colección 100 Exitos de Rodolfo Aicardi	https://tiendadiscosfuentes.com/productos/musica-memoria-usb/colecciones-usb/coleccion-100-exitos-de-rodolfo-aicardi/	Rodolfo Aicardi	6. Donde Estas Mariana - Los Hispanos	performer_conflict	performer_or_group_not_resolved_to_authority;release_not_resolved_to_authority						complete_or_exceeds_track_count	description_tab	6. Donde Estas Mariana	Los Hispanos	split	group		GRP0278	Los Hispanos	recovered_entity
UNIT0113-17-050	SRC0002	17	USB - Colección 100 Exitos de Rodolfo Aicardi	USB - Colección 100 Exitos de Rodolfo Aicardi	https://tiendadiscosfuentes.com/productos/musica-memoria-usb/colecciones-usb/coleccion-100-exitos-de-rodolfo-aicardi/	Rodolfo Aicardi	7. Ya Para Que - Los Hispanos	performer_conflict	performer_or_group_not_resolved_to_authority;release_not_resolved_to_authority						complete_or_exceeds_track_count	description_tab	7. Ya Para Que	Los Hispanos	split	group		GRP0278	Los Hispanos	recovered_entity
UNIT0113-17-051	SRC0002	17	USB - Colección 100 Exitos de Rodolfo Aicardi	USB - Colección 100 Exitos de Rodolfo Aicardi	https://tiendadiscosfuentes.com/productos/musica-memoria-usb/colecciones-usb/coleccion-100-exitos-de-rodolfo-aicardi/	Rodolfo Aicardi	8. Penas Por Un Amor - Los Hispanos	performer_conflict	performer_or_group_not_resolved_to_authority;release_not_resolved_to_authority						complete_or_exceeds_track_count	description_tab	8. Penas Por Un Amor	Los Hispanos	split	group		GRP0278	Los Hispanos	recovered_entity
UNIT0113-17-052	SRC0002	17	USB - Colección 100 Exitos de Rodolfo Aicardi	USB - Colección 100 Exitos de Rodolfo Aicardi	https://tiendadiscosfuentes.com/productos/musica-memoria-usb/colecciones-usb/coleccion-100-exitos-de-rodolfo-aicardi/	Rodolfo Aicardi	9. Linda Rosa - Los Hispanos	performer_conflict	performer_or_group_not_resolved_to_authority;release_not_resolved_to_authority						complete_or_exceeds_track_count	description_tab	9. Linda Rosa	Los Hispanos	split	group		GRP0278	Los Hispanos	recovered_entity
UNIT0113-17-053	SRC0002	17	USB - Colección 100 Exitos de Rodolfo Aicardi	USB - Colección 100 Exitos de Rodolfo Aicardi	https://tiendadiscosfuentes.com/productos/musica-memoria-usb/colecciones-usb/coleccion-100-exitos-de-rodolfo-aicardi/	Rodolfo Aicardi	10. Te Castigo Haciendote Llorar Rodolfo Aicardi Y Su Tipica Ra7	performer_conflict	performer_or_group_not_resolved_to_authority;release_not_resolved_to_authority						complete_or_exceeds_track_count	description_tab	10. Te Castigo Haciendote Llorar Rodolfo Aicardi Y Su Tipica Ra7		no_split	none				not_recovered
UNIT0113-17-054	SRC0002	17	USB - Colección 100 Exitos de Rodolfo Aicardi	USB - Colección 100 Exitos de Rodolfo Aicardi	https://tiendadiscosfuentes.com/productos/musica-memoria-usb/colecciones-usb/coleccion-100-exitos-de-rodolfo-aicardi/	Rodolfo Aicardi	11. Que Regrese - Los Hispanos	performer_conflict	performer_or_group_not_resolved_to_authority;release_not_resolved_to_authority						complete_or_exceeds_track_count	description_tab	11. Que Regrese	Los Hispanos	split	group		GRP0278	Los Hispanos	recovered_entity
UNIT0113-17-055	SRC0002	17	USB - Colección 100 Exitos de Rodolfo Aicardi	USB - Colección 100 Exitos de Rodolfo Aicardi	https://tiendadiscosfuentes.com/productos/musica-memoria-usb/colecciones-usb/coleccion-100-exitos-de-rodolfo-aicardi/	Rodolfo Aicardi	12. Voy Cantando - Los Hispanos	performer_conflict	performer_or_group_not_resolved_to_authority;release_not_resolved_to_authority						complete_or_exceeds_track_count	description_tab	12. Voy Cantando	Los Hispanos	split	group		GRP0278	Los Hispanos	recovered_entity
UNIT0113-17-056	SRC0002	17	USB - Colección 100 Exitos de Rodolfo Aicardi	USB - Colección 100 Exitos de Rodolfo Aicardi	https://tiendadiscosfuentes.com/productos/musica-memoria-usb/colecciones-usb/coleccion-100-exitos-de-rodolfo-aicardi/	Rodolfo Aicardi	13. El Casado Arrepentido - Los Hispanos	performer_conflict	performer_or_group_not_resolved_to_authority;release_not_resolved_to_authority						complete_or_exceeds_track_count	description_tab	13. El Casado Arrepentido	Los Hispanos	split	group		GRP0278	Los Hispanos	recovered_entity
UNIT0113-17-057	SRC0002	17	USB - Colección 100 Exitos de Rodolfo Aicardi	USB - Colección 100 Exitos de Rodolfo Aicardi	https://tiendadiscosfuentes.com/productos/musica-memoria-usb/colecciones-usb/coleccion-100-exitos-de-rodolfo-aicardi/	Rodolfo Aicardi	14. Cumbia Marinera - Los Hispanos	performer_conflict	performer_or_group_not_resolved_to_authority;release_not_resolved_to_authority						complete_or_exceeds_track_count	description_tab	14. Cumbia Marinera	Los Hispanos	split	group		GRP0278	Los Hispanos	recovered_entity
UNIT0113-17-058	SRC0002	17	USB - Colección 100 Exitos de Rodolfo Aicardi	USB - Colección 100 Exitos de Rodolfo Aicardi	https://tiendadiscosfuentes.com/productos/musica-memoria-usb/colecciones-usb/coleccion-100-exitos-de-rodolfo-aicardi/	Rodolfo Aicardi	15. El Maestro - Los Hispanos	performer_conflict	performer_or_group_not_resolved_to_authority;release_not_resolved_to_authority						complete_or_exceeds_track_count	description_tab	15. El Maestro	Los Hispanos	split	group		GRP0278	Los Hispanos	recovered_entity
UNIT0113-17-059	SRC0002	17	USB - Colección 100 Exitos de Rodolfo Aicardi	USB - Colección 100 Exitos de Rodolfo Aicardi	https://tiendadiscosfuentes.com/productos/musica-memoria-usb/colecciones-usb/coleccion-100-exitos-de-rodolfo-aicardi/	Rodolfo Aicardi	16. El Tizon - La Sonora Dinamita	performer_conflict	performer_or_group_not_resolved_to_authority;release_not_resolved_to_authority						complete_or_exceeds_track_count	description_tab	16. El Tizon	La Sonora Dinamita	split	group		GRP0255	La Sonora Dinamita	recovered_entity
UNIT0113-17-060	SRC0002	17	USB - Colección 100 Exitos de Rodolfo Aicardi	USB - Colección 100 Exitos de Rodolfo Aicardi	https://tiendadiscosfuentes.com/productos/musica-memoria-usb/colecciones-usb/coleccion-100-exitos-de-rodolfo-aicardi/	Rodolfo Aicardi	17. Manuelito Barrios - Los Hispanos	performer_conflict	performer_or_group_not_resolved_to_authority;release_not_resolved_to_authority						complete_or_exceeds_track_count	description_tab	17. Manuelito Barrios	Los Hispanos	split	group		GRP0278	Los Hispanos	recovered_entity
UNIT0113-17-061	SRC0002	17	USB - Colección 100 Exitos de Rodolfo Aicardi	USB - Colección 100 Exitos de Rodolfo Aicardi	https://tiendadiscosfuentes.com/productos/musica-memoria-usb/colecciones-usb/coleccion-100-exitos-de-rodolfo-aicardi/	Rodolfo Aicardi	18. Casi Casi - Los Hispanos	performer_conflict	performer_or_group_not_resolved_to_authority;release_not_resolved_to_authority						complete_or_exceeds_track_count	description_tab	18. Casi Casi	Los Hispanos	split	group		GRP0278	Los Hispanos	recovered_entity
UNIT0113-17-062	SRC0002	17	USB - Colección 100 Exitos de Rodolfo Aicardi	USB - Colección 100 Exitos de Rodolfo Aicardi	https://tiendadiscosfuentes.com/productos/musica-memoria-usb/colecciones-usb/coleccion-100-exitos-de-rodolfo-aicardi/	Rodolfo Aicardi	19. Entonces Cuando - Los Hispanos	performer_conflict	performer_or_group_not_resolved_to_authority;release_not_resolved_to_authority						complete_or_exceeds_track_count	description_tab	19. Entonces Cuando	Los Hispanos	split	group		GRP0278	Los Hispanos	recovered_entity
UNIT0113-17-063	SRC0002	17	USB - Colección 100 Exitos de Rodolfo Aicardi	USB - Colección 100 Exitos de Rodolfo Aicardi	https://tiendadiscosfuentes.com/productos/musica-memoria-usb/colecciones-usb/coleccion-100-exitos-de-rodolfo-aicardi/	Rodolfo Aicardi	20. La Bandolera - Los Hispanos	performer_conflict	performer_or_group_not_resolved_to_authority;release_not_resolved_to_authority						complete_or_exceeds_track_count	description_tab	20. La Bandolera	Los Hispanos	split	group		GRP0278	Los Hispanos	recovered_entity
UNIT0113-17-064	SRC0002	17	USB - Colección 100 Exitos de Rodolfo Aicardi	USB - Colección 100 Exitos de Rodolfo Aicardi	https://tiendadiscosfuentes.com/productos/musica-memoria-usb/colecciones-usb/coleccion-100-exitos-de-rodolfo-aicardi/	Rodolfo Aicardi	DISCO NUMERO 4	performer_conflict	performer_or_group_not_resolved_to_authority;release_not_resolved_to_authority						complete_or_exceeds_track_count	description_tab	DISCO NUMERO 4		no_split	none				not_recovered
UNIT0113-17-065	SRC0002	17	USB - Colección 100 Exitos de Rodolfo Aicardi	USB - Colección 100 Exitos de Rodolfo Aicardi	https://tiendadiscosfuentes.com/productos/musica-memoria-usb/colecciones-usb/coleccion-100-exitos-de-rodolfo-aicardi/	Rodolfo Aicardi	1. Ya Se Marcho - Los Hispanos	performer_conflict	performer_or_group_not_resolved_to_authority;release_not_resolved_to_authority						complete_or_exceeds_track_count	description_tab	1. Ya Se Marcho	Los Hispanos	split	group		GRP0278	Los Hispanos	recovered_entity
UNIT0113-17-066	SRC0002	17	USB - Colección 100 Exitos de Rodolfo Aicardi	USB - Colección 100 Exitos de Rodolfo Aicardi	https://tiendadiscosfuentes.com/productos/musica-memoria-usb/colecciones-usb/coleccion-100-exitos-de-rodolfo-aicardi/	Rodolfo Aicardi	2. Masculino Y Femenino - Los Hispanos	performer_conflict	performer_or_group_not_resolved_to_authority;release_not_resolved_to_authority						complete_or_exceeds_track_count	description_tab	2. Masculino Y Femenino	Los Hispanos	split	group		GRP0278	Los Hispanos	recovered_entity
UNIT0113-17-067	SRC0002	17	USB - Colección 100 Exitos de Rodolfo Aicardi	USB - Colección 100 Exitos de Rodolfo Aicardi	https://tiendadiscosfuentes.com/productos/musica-memoria-usb/colecciones-usb/coleccion-100-exitos-de-rodolfo-aicardi/	Rodolfo Aicardi	3. El Cangrejito Enamorado - Los Hispanos	performer_conflict	performer_or_group_not_resolved_to_authority;release_not_resolved_to_authority						complete_or_exceeds_track_count	description_tab	3. El Cangrejito Enamorado	Los Hispanos	split	group		GRP0278	Los Hispanos	recovered_entity
UNIT0113-17-068	SRC0002	17	USB - Colección 100 Exitos de Rodolfo Aicardi	USB - Colección 100 Exitos de Rodolfo Aicardi	https://tiendadiscosfuentes.com/productos/musica-memoria-usb/colecciones-usb/coleccion-100-exitos-de-rodolfo-aicardi/	Rodolfo Aicardi	4. Se La Llevo El Tren - Los Hispanos	performer_conflict	performer_or_group_not_resolved_to_authority;release_not_resolved_to_authority						complete_or_exceeds_track_count	description_tab	4. Se La Llevo El Tren	Los Hispanos	split	group		GRP0278	Los Hispanos	recovered_entity
UNIT0113-17-069	SRC0002	17	USB - Colección 100 Exitos de Rodolfo Aicardi	USB - Colección 100 Exitos de Rodolfo Aicardi	https://tiendadiscosfuentes.com/productos/musica-memoria-usb/colecciones-usb/coleccion-100-exitos-de-rodolfo-aicardi/	Rodolfo Aicardi	5. Lorenza - Los Hispanos	performer_conflict	performer_or_group_not_resolved_to_authority;release_not_resolved_to_authority						complete_or_exceeds_track_count	description_tab	5. Lorenza	Los Hispanos	split	group		GRP0278	Los Hispanos	recovered_entity
UNIT0113-17-070	SRC0002	17	USB - Colección 100 Exitos de Rodolfo Aicardi	USB - Colección 100 Exitos de Rodolfo Aicardi	https://tiendadiscosfuentes.com/productos/musica-memoria-usb/colecciones-usb/coleccion-100-exitos-de-rodolfo-aicardi/	Rodolfo Aicardi	6. Linda Muchachita - Rodolfo Aicardi Y Su Tipica Ra7	performer_conflict	performer_or_group_not_resolved_to_authority;release_not_resolved_to_authority						complete_or_exceeds_track_count	description_tab	6. Linda Muchachita	Rodolfo Aicardi Y Su Tipica Ra7	split	none				split_only
UNIT0113-17-071	SRC0002	17	USB - Colección 100 Exitos de Rodolfo Aicardi	USB - Colección 100 Exitos de Rodolfo Aicardi	https://tiendadiscosfuentes.com/productos/musica-memoria-usb/colecciones-usb/coleccion-100-exitos-de-rodolfo-aicardi/	Rodolfo Aicardi	7. Carita De Cielo - Los Hispanos	performer_conflict	performer_or_group_not_resolved_to_authority;release_not_resolved_to_authority						complete_or_exceeds_track_count	description_tab	7. Carita De Cielo	Los Hispanos	split	group		GRP0278	Los Hispanos	recovered_entity
UNIT0113-17-072	SRC0002	17	USB - Colección 100 Exitos de Rodolfo Aicardi	USB - Colección 100 Exitos de Rodolfo Aicardi	https://tiendadiscosfuentes.com/productos/musica-memoria-usb/colecciones-usb/coleccion-100-exitos-de-rodolfo-aicardi/	Rodolfo Aicardi	8. Amor Por Computadora - Rodolfo Aicardi Y Su Tipica Ra7	performer_conflict	performer_or_group_not_resolved_to_authority;release_not_resolved_to_authority						complete_or_exceeds_track_count	description_tab	8. Amor Por Computadora	Rodolfo Aicardi Y Su Tipica Ra7	split	none				split_only
UNIT0113-17-073	SRC0002	17	USB - Colección 100 Exitos de Rodolfo Aicardi	USB - Colección 100 Exitos de Rodolfo Aicardi	https://tiendadiscosfuentes.com/productos/musica-memoria-usb/colecciones-usb/coleccion-100-exitos-de-rodolfo-aicardi/	Rodolfo Aicardi	9. La Burra Y La Chiva - Los Hispanos	performer_conflict	performer_or_group_not_resolved_to_authority;release_not_resolved_to_authority						complete_or_exceeds_track_count	description_tab	9. La Burra Y La Chiva	Los Hispanos	split	group		GRP0278	Los Hispanos	recovered_entity
UNIT0113-17-074	SRC0002	17	USB - Colección 100 Exitos de Rodolfo Aicardi	USB - Colección 100 Exitos de Rodolfo Aicardi	https://tiendadiscosfuentes.com/productos/musica-memoria-usb/colecciones-usb/coleccion-100-exitos-de-rodolfo-aicardi/	Rodolfo Aicardi	10. Mi Cumbion - Los Hispanos	performer_conflict	performer_or_group_not_resolved_to_authority;release_not_resolved_to_authority						complete_or_exceeds_track_count	description_tab	10. Mi Cumbion	Los Hispanos	split	group		GRP0278	Los Hispanos	recovered_entity
UNIT0113-17-075	SRC0002	17	USB - Colección 100 Exitos de Rodolfo Aicardi	USB - Colección 100 Exitos de Rodolfo Aicardi	https://tiendadiscosfuentes.com/productos/musica-memoria-usb/colecciones-usb/coleccion-100-exitos-de-rodolfo-aicardi/	Rodolfo Aicardi	11. Mis Zapatos Viejos- Los Hispanos	performer_conflict	performer_or_group_not_resolved_to_authority;release_not_resolved_to_authority						complete_or_exceeds_track_count	description_tab	11. Mis Zapatos Viejos- Los Hispanos		no_split	none				not_recovered
UNIT0113-17-076	SRC0002	17	USB - Colección 100 Exitos de Rodolfo Aicardi	USB - Colección 100 Exitos de Rodolfo Aicardi	https://tiendadiscosfuentes.com/productos/musica-memoria-usb/colecciones-usb/coleccion-100-exitos-de-rodolfo-aicardi/	Rodolfo Aicardi	12. Los Algodones - Los Hispanos	performer_conflict	performer_or_group_not_resolved_to_authority;release_not_resolved_to_authority						complete_or_exceeds_track_count	description_tab	12. Los Algodones	Los Hispanos	split	group		GRP0278	Los Hispanos	recovered_entity
UNIT0113-17-077	SRC0002	17	USB - Colección 100 Exitos de Rodolfo Aicardi	USB - Colección 100 Exitos de Rodolfo Aicardi	https://tiendadiscosfuentes.com/productos/musica-memoria-usb/colecciones-usb/coleccion-100-exitos-de-rodolfo-aicardi/	Rodolfo Aicardi	13. El Pescador Triste - Los Hispanos	performer_conflict	performer_or_group_not_resolved_to_authority;release_not_resolved_to_authority						complete_or_exceeds_track_count	description_tab	13. El Pescador Triste	Los Hispanos	split	group		GRP0278	Los Hispanos	recovered_entity
UNIT0113-17-078	SRC0002	17	USB - Colección 100 Exitos de Rodolfo Aicardi	USB - Colección 100 Exitos de Rodolfo Aicardi	https://tiendadiscosfuentes.com/productos/musica-memoria-usb/colecciones-usb/coleccion-100-exitos-de-rodolfo-aicardi/	Rodolfo Aicardi	14. El Telefono - Los Hispanos	performer_conflict	performer_or_group_not_resolved_to_authority;release_not_resolved_to_authority						complete_or_exceeds_track_count	description_tab	14. El Telefono	Los Hispanos	split	group		GRP0278	Los Hispanos	recovered_entity
UNIT0113-17-079	SRC0002	17	USB - Colección 100 Exitos de Rodolfo Aicardi	USB - Colección 100 Exitos de Rodolfo Aicardi	https://tiendadiscosfuentes.com/productos/musica-memoria-usb/colecciones-usb/coleccion-100-exitos-de-rodolfo-aicardi/	Rodolfo Aicardi	15. Mi Primavera - Los Hispanos	performer_conflict	performer_or_group_not_resolved_to_authority;release_not_resolved_to_authority						complete_or_exceeds_track_count	description_tab	15. Mi Primavera	Los Hispanos	split	group		GRP0278	Los Hispanos	recovered_entity
UNIT0113-17-080	SRC0002	17	USB - Colección 100 Exitos de Rodolfo Aicardi	USB - Colección 100 Exitos de Rodolfo Aicardi	https://tiendadiscosfuentes.com/productos/musica-memoria-usb/colecciones-usb/coleccion-100-exitos-de-rodolfo-aicardi/	Rodolfo Aicardi	16. La Revancha - Rodolfo Aicardi Y Su Tipica Ra7	performer_conflict	performer_or_group_not_resolved_to_authority;release_not_resolved_to_authority						complete_or_exceeds_track_count	description_tab	16. La Revancha	Rodolfo Aicardi Y Su Tipica Ra7	split	none				split_only
UNIT0113-17-081	SRC0002	17	USB - Colección 100 Exitos de Rodolfo Aicardi	USB - Colección 100 Exitos de Rodolfo Aicardi	https://tiendadiscosfuentes.com/productos/musica-memoria-usb/colecciones-usb/coleccion-100-exitos-de-rodolfo-aicardi/	Rodolfo Aicardi	17. Cinturita De Jabon - Los Hispanos	performer_conflict	performer_or_group_not_resolved_to_authority;release_not_resolved_to_authority						complete_or_exceeds_track_count	description_tab	17. Cinturita De Jabon	Los Hispanos	split	group		GRP0278	Los Hispanos	recovered_entity
UNIT0113-17-082	SRC0002	17	USB - Colección 100 Exitos de Rodolfo Aicardi	USB - Colección 100 Exitos de Rodolfo Aicardi	https://tiendadiscosfuentes.com/productos/musica-memoria-usb/colecciones-usb/coleccion-100-exitos-de-rodolfo-aicardi/	Rodolfo Aicardi	18. Fiesta De Cumpleaños - Los Hispanos	performer_conflict	performer_or_group_not_resolved_to_authority;release_not_resolved_to_authority						complete_or_exceeds_track_count	description_tab	18. Fiesta De Cumpleaños	Los Hispanos	split	group		GRP0278	Los Hispanos	recovered_entity
UNIT0113-17-083	SRC0002	17	USB - Colección 100 Exitos de Rodolfo Aicardi	USB - Colección 100 Exitos de Rodolfo Aicardi	https://tiendadiscosfuentes.com/productos/musica-memoria-usb/colecciones-usb/coleccion-100-exitos-de-rodolfo-aicardi/	Rodolfo Aicardi	19. El Escorpion - Rodolfo Aicardi	performer_conflict	performer_or_group_not_resolved_to_authority;release_not_resolved_to_authority						complete_or_exceeds_track_count	description_tab	19. El Escorpion	Rodolfo Aicardi	split	none				split_only
UNIT0113-17-084	SRC0002	17	USB - Colección 100 Exitos de Rodolfo Aicardi	USB - Colección 100 Exitos de Rodolfo Aicardi	https://tiendadiscosfuentes.com/productos/musica-memoria-usb/colecciones-usb/coleccion-100-exitos-de-rodolfo-aicardi/	Rodolfo Aicardi	20. La Bruja - Los Hispanos	performer_conflict	performer_or_group_not_resolved_to_authority;release_not_resolved_to_authority						complete_or_exceeds_track_count	description_tab	20. La Bruja	Los Hispanos	split	group		GRP0278	Los Hispanos	recovered_entity
UNIT0113-17-085	SRC0002	17	USB - Colección 100 Exitos de Rodolfo Aicardi	USB - Colección 100 Exitos de Rodolfo Aicardi	https://tiendadiscosfuentes.com/productos/musica-memoria-usb/colecciones-usb/coleccion-100-exitos-de-rodolfo-aicardi/	Rodolfo Aicardi	DISCO NUMERO 5	performer_conflict	performer_or_group_not_resolved_to_authority;release_not_resolved_to_authority						complete_or_exceeds_track_count	description_tab	DISCO NUMERO 5		no_split	none				not_recovered
UNIT0113-17-086	SRC0002	17	USB - Colección 100 Exitos de Rodolfo Aicardi	USB - Colección 100 Exitos de Rodolfo Aicardi	https://tiendadiscosfuentes.com/productos/musica-memoria-usb/colecciones-usb/coleccion-100-exitos-de-rodolfo-aicardi/	Rodolfo Aicardi	1. Que No Quede Huella - Rodolfo Aicardi Y Su Tipica Ra7	performer_conflict	performer_or_group_not_resolved_to_authority;release_not_resolved_to_authority						complete_or_exceeds_track_count	description_tab	1. Que No Quede Huella	Rodolfo Aicardi Y Su Tipica Ra7	split	none				split_only
UNIT0113-17-087	SRC0002	17	USB - Colección 100 Exitos de Rodolfo Aicardi	USB - Colección 100 Exitos de Rodolfo Aicardi	https://tiendadiscosfuentes.com/productos/musica-memoria-usb/colecciones-usb/coleccion-100-exitos-de-rodolfo-aicardi/	Rodolfo Aicardi	2. No Peliemos Tanto - Rodolfo Aicardi Y Su Tipica Ra7	performer_conflict	performer_or_group_not_resolved_to_authority;release_not_resolved_to_authority						complete_or_exceeds_track_count	description_tab	2. No Peliemos Tanto	Rodolfo Aicardi Y Su Tipica Ra7	split	none				split_only
UNIT0113-17-088	SRC0002	17	USB - Colección 100 Exitos de Rodolfo Aicardi	USB - Colección 100 Exitos de Rodolfo Aicardi	https://tiendadiscosfuentes.com/productos/musica-memoria-usb/colecciones-usb/coleccion-100-exitos-de-rodolfo-aicardi/	Rodolfo Aicardi	3. El Lamento De Tu Voz - Rodolfo Aicardi Y Su Tipica Ra7	performer_conflict	performer_or_group_not_resolved_to_authority;release_not_resolved_to_authority						complete_or_exceeds_track_count	description_tab	3. El Lamento De Tu Voz	Rodolfo Aicardi Y Su Tipica Ra7	split	none				split_only
UNIT0113-17-089	SRC0002	17	USB - Colección 100 Exitos de Rodolfo Aicardi	USB - Colección 100 Exitos de Rodolfo Aicardi	https://tiendadiscosfuentes.com/productos/musica-memoria-usb/colecciones-usb/coleccion-100-exitos-de-rodolfo-aicardi/	Rodolfo Aicardi	4. Limoncito Con Ron - Rodolfo Aicardi	performer_conflict	performer_or_group_not_resolved_to_authority;release_not_resolved_to_authority						complete_or_exceeds_track_count	description_tab	4. Limoncito Con Ron	Rodolfo Aicardi	split	none				split_only
UNIT0113-17-090	SRC0002	17	USB - Colección 100 Exitos de Rodolfo Aicardi	USB - Colección 100 Exitos de Rodolfo Aicardi	https://tiendadiscosfuentes.com/productos/musica-memoria-usb/colecciones-usb/coleccion-100-exitos-de-rodolfo-aicardi/	Rodolfo Aicardi	5. Borremos El Pasado - Rodolfo Aicardi	performer_conflict	performer_or_group_not_resolved_to_authority;release_not_resolved_to_authority						complete_or_exceeds_track_count	description_tab	5. Borremos El Pasado	Rodolfo Aicardi	split	none				split_only
UNIT0113-17-091	SRC0002	17	USB - Colección 100 Exitos de Rodolfo Aicardi	USB - Colección 100 Exitos de Rodolfo Aicardi	https://tiendadiscosfuentes.com/productos/musica-memoria-usb/colecciones-usb/coleccion-100-exitos-de-rodolfo-aicardi/	Rodolfo Aicardi	6. El Baile Del Brinquito - Rodolfo Aicardi Y Su Tipica Ra7	performer_conflict	performer_or_group_not_resolved_to_authority;release_not_resolved_to_authority						complete_or_exceeds_track_count	description_tab	6. El Baile Del Brinquito	Rodolfo Aicardi Y Su Tipica Ra7	split	none				split_only
UNIT0113-17-092	SRC0002	17	USB - Colección 100 Exitos de Rodolfo Aicardi	USB - Colección 100 Exitos de Rodolfo Aicardi	https://tiendadiscosfuentes.com/productos/musica-memoria-usb/colecciones-usb/coleccion-100-exitos-de-rodolfo-aicardi/	Rodolfo Aicardi	7. Tengo Celos - Rodolfo Aicardi Con Los Idolos	performer_conflict	performer_or_group_not_resolved_to_authority;release_not_resolved_to_authority						complete_or_exceeds_track_count	description_tab	7. Tengo Celos	Rodolfo Aicardi Con Los Idolos	split	none				split_only
UNIT0113-17-093	SRC0002	17	USB - Colección 100 Exitos de Rodolfo Aicardi	USB - Colección 100 Exitos de Rodolfo Aicardi	https://tiendadiscosfuentes.com/productos/musica-memoria-usb/colecciones-usb/coleccion-100-exitos-de-rodolfo-aicardi/	Rodolfo Aicardi	8. Brisa Sala - Rodolfo Aicardi Con Los Idolos	performer_conflict	performer_or_group_not_resolved_to_authority;release_not_resolved_to_authority						complete_or_exceeds_track_count	description_tab	8. Brisa Sala	Rodolfo Aicardi Con Los Idolos	split	none				split_only
UNIT0113-17-094	SRC0002	17	USB - Colección 100 Exitos de Rodolfo Aicardi	USB - Colección 100 Exitos de Rodolfo Aicardi	https://tiendadiscosfuentes.com/productos/musica-memoria-usb/colecciones-usb/coleccion-100-exitos-de-rodolfo-aicardi/	Rodolfo Aicardi	9. El Ciclon - La Sonora Dinamita	performer_conflict	performer_or_group_not_resolved_to_authority;release_not_resolved_to_authority						complete_or_exceeds_track_count	description_tab	9. El Ciclon	La Sonora Dinamita	split	group		GRP0255	La Sonora Dinamita	recovered_entity
UNIT0113-17-095	SRC0002	17	USB - Colección 100 Exitos de Rodolfo Aicardi	USB - Colección 100 Exitos de Rodolfo Aicardi	https://tiendadiscosfuentes.com/productos/musica-memoria-usb/colecciones-usb/coleccion-100-exitos-de-rodolfo-aicardi/	Rodolfo Aicardi	10. El Jardinero - Los Hispanos	performer_conflict	performer_or_group_not_resolved_to_authority;release_not_resolved_to_authority						complete_or_exceeds_track_count	description_tab	10. El Jardinero	Los Hispanos	split	group		GRP0278	Los Hispanos	recovered_entity
UNIT0113-17-096	SRC0002	17	USB - Colección 100 Exitos de Rodolfo Aicardi	USB - Colección 100 Exitos de Rodolfo Aicardi	https://tiendadiscosfuentes.com/productos/musica-memoria-usb/colecciones-usb/coleccion-100-exitos-de-rodolfo-aicardi/	Rodolfo Aicardi	11. La Hamaca Raya - Rodolfo Aicardi Con Los Bestiales	performer_conflict	performer_or_group_not_resolved_to_authority;release_not_resolved_to_authority						complete_or_exceeds_track_count	description_tab	11. La Hamaca Raya	Rodolfo Aicardi Con Los Bestiales	split	none				split_only
UNIT0113-17-097	SRC0002	17	USB - Colección 100 Exitos de Rodolfo Aicardi	USB - Colección 100 Exitos de Rodolfo Aicardi	https://tiendadiscosfuentes.com/productos/musica-memoria-usb/colecciones-usb/coleccion-100-exitos-de-rodolfo-aicardi/	Rodolfo Aicardi	12. Se Va La Vida - Rodolfo Aicardi Con Los Hermanos Aicardi	performer_conflict	performer_or_group_not_resolved_to_authority;release_not_resolved_to_authority						complete_or_exceeds_track_count	description_tab	12. Se Va La Vida	Rodolfo Aicardi Con Los Hermanos Aicardi	split	none				split_only
UNIT0113-17-098	SRC0002	17	USB - Colección 100 Exitos de Rodolfo Aicardi	USB - Colección 100 Exitos de Rodolfo Aicardi	https://tiendadiscosfuentes.com/productos/musica-memoria-usb/colecciones-usb/coleccion-100-exitos-de-rodolfo-aicardi/	Rodolfo Aicardi	13. Muchachita Del Oriente - Los Hispanos	performer_conflict	performer_or_group_not_resolved_to_authority;release_not_resolved_to_authority						complete_or_exceeds_track_count	description_tab	13. Muchachita Del Oriente	Los Hispanos	split	group		GRP0278	Los Hispanos	recovered_entity
UNIT0113-17-099	SRC0002	17	USB - Colección 100 Exitos de Rodolfo Aicardi	USB - Colección 100 Exitos de Rodolfo Aicardi	https://tiendadiscosfuentes.com/productos/musica-memoria-usb/colecciones-usb/coleccion-100-exitos-de-rodolfo-aicardi/	Rodolfo Aicardi	14. Ya Voy Hacia Ti - Los Hispanos	performer_conflict	performer_or_group_not_resolved_to_authority;release_not_resolved_to_authority						complete_or_exceeds_track_count	description_tab	14. Ya Voy Hacia Ti	Los Hispanos	split	group		GRP0278	Los Hispanos	recovered_entity
UNIT0113-17-100	SRC0002	17	USB - Colección 100 Exitos de Rodolfo Aicardi	USB - Colección 100 Exitos de Rodolfo Aicardi	https://tiendadiscosfuentes.com/productos/musica-memoria-usb/colecciones-usb/coleccion-100-exitos-de-rodolfo-aicardi/	Rodolfo Aicardi	15. Lindo Clavelito - Los Hispanos	performer_conflict	performer_or_group_not_resolved_to_authority;release_not_resolved_to_authority						complete_or_exceeds_track_count	description_tab	15. Lindo Clavelito	Los Hispanos	split	group		GRP0278	Los Hispanos	recovered_entity
UNIT0113-17-101	SRC0002	17	USB - Colección 100 Exitos de Rodolfo Aicardi	USB - Colección 100 Exitos de Rodolfo Aicardi	https://tiendadiscosfuentes.com/productos/musica-memoria-usb/colecciones-usb/coleccion-100-exitos-de-rodolfo-aicardi/	Rodolfo Aicardi	16. Negra Candela - Los Hispanos	performer_conflict	performer_or_group_not_resolved_to_authority;release_not_resolved_to_authority						complete_or_exceeds_track_count	description_tab	16. Negra Candela	Los Hispanos	split	group		GRP0278	Los Hispanos	recovered_entity
UNIT0113-17-102	SRC0002	17	USB - Colección 100 Exitos de Rodolfo Aicardi	USB - Colección 100 Exitos de Rodolfo Aicardi	https://tiendadiscosfuentes.com/productos/musica-memoria-usb/colecciones-usb/coleccion-100-exitos-de-rodolfo-aicardi/	Rodolfo Aicardi	17. No Me Alcanza - Rodolfo Aicardi Y Su Tipica Ra7	performer_conflict	performer_or_group_not_resolved_to_authority;release_not_resolved_to_authority						complete_or_exceeds_track_count	description_tab	17. No Me Alcanza	Rodolfo Aicardi Y Su Tipica Ra7	split	none				split_only
UNIT0113-17-103	SRC0002	17	USB - Colección 100 Exitos de Rodolfo Aicardi	USB - Colección 100 Exitos de Rodolfo Aicardi	https://tiendadiscosfuentes.com/productos/musica-memoria-usb/colecciones-usb/coleccion-100-exitos-de-rodolfo-aicardi/	Rodolfo Aicardi	18. Veinte Años - Rodolfo Aicardi Y Su Tipica Ra7	performer_conflict	performer_or_group_not_resolved_to_authority;release_not_resolved_to_authority						complete_or_exceeds_track_count	description_tab	18. Veinte Años	Rodolfo Aicardi Y Su Tipica Ra7	split	none				split_only
UNIT0113-17-104	SRC0002	17	USB - Colección 100 Exitos de Rodolfo Aicardi	USB - Colección 100 Exitos de Rodolfo Aicardi	https://tiendadiscosfuentes.com/productos/musica-memoria-usb/colecciones-usb/coleccion-100-exitos-de-rodolfo-aicardi/	Rodolfo Aicardi	19. La Ladrona - Rodolfo Aicardi Con El Grupo Monteadentro	performer_conflict	performer_or_group_not_resolved_to_authority;release_not_resolved_to_authority						complete_or_exceeds_track_count	description_tab	19. La Ladrona	Rodolfo Aicardi Con El Grupo Monteadentro	split	none				split_only
UNIT0113-17-105	SRC0002	17	USB - Colección 100 Exitos de Rodolfo Aicardi	USB - Colección 100 Exitos de Rodolfo Aicardi	https://tiendadiscosfuentes.com/productos/musica-memoria-usb/colecciones-usb/coleccion-100-exitos-de-rodolfo-aicardi/	Rodolfo Aicardi	20. Provinciana - Rodolfo Aicardi Y Su Tipica Ra7	performer_conflict	performer_or_group_not_resolved_to_authority;release_not_resolved_to_authority						complete_or_exceeds_track_count	description_tab	20. Provinciana	Rodolfo Aicardi Y Su Tipica Ra7	split	none				split_only
